relative_path	repository_path	mime_type	bytes	sha256
2020/12/AED-004-FORTE-PECHO.pdf	media/production/documents/uploads/2020/12/AED-004-FORTE-PECHO.pdf	application/pdf	912867	830712b7a6ca9411a31fa8348e975de2f81a66f78d5d5d69f9fd6f2c87eccc87
2020/12/MEC-CR-01-00-dibujo2d.pdf	media/production/documents/uploads/2020/12/MEC-CR-01-00-dibujo2d.pdf	application/pdf	356186	6f08dc79aabdf7773c429667d2ab4acbf47e97fe3a09fdce4c4afa45ca9d20c0
2020/12/MEC-CR-01-00-fichatecnica.pdf	media/production/documents/uploads/2020/12/MEC-CR-01-00-fichatecnica.pdf	application/pdf	440094	2d6774c4af8846877838f3d883ef2684126225782a26a09db12c8bc819cce7c5
2020/12/MEC-CR-04-00-dibujo2d.pdf	media/production/documents/uploads/2020/12/MEC-CR-04-00-dibujo2d.pdf	application/pdf	286123	ce690dc7b114f2fe9b7977fb7536dda8bc6f1fe95bb2bd0e6b260cadd80e10ad
2020/12/MEC-CR-04-00-fichatecnica.pdf	media/production/documents/uploads/2020/12/MEC-CR-04-00-fichatecnica.pdf	application/pdf	411840	835b5a3a3e5774b0d98eca6e4543858860401b499f0d2e990490823b26535e5c
2020/12/MEC-CR-05-00-dibujo2d.pdf	media/production/documents/uploads/2020/12/MEC-CR-05-00-dibujo2d.pdf	application/pdf	235918	0a163fb23f6f33264386ffa0d0f3b25ff47ade51e95d442373782fa25caa9a12
2020/12/MEC-CR-05-00-fichatecnica.pdf	media/production/documents/uploads/2020/12/MEC-CR-05-00-fichatecnica.pdf	application/pdf	393907	af92cc977748e05aa276cdc73042522827c51a0b19be0250a1daa239541994b2
2020/12/MER-PR-02-00-dibujo2d.pdf	media/production/documents/uploads/2020/12/MER-PR-02-00-dibujo2d.pdf	application/pdf	290854	fd0776b2059f2c050b5577bdd3d1cb636f18a5479483163c421fd84fab1d19c9
2020/12/MER-PR-02-00-fichatecnica.pdf	media/production/documents/uploads/2020/12/MER-PR-02-00-fichatecnica.pdf	application/pdf	373317	551b8cac98813ccbcf55fb6693b7ab0777c1cb6b0a29115151c8e0585395e850
2020/12/MER-PR-06-00-dibujo2d.pdf	media/production/documents/uploads/2020/12/MER-PR-06-00-dibujo2d.pdf	application/pdf	365688	a0b94dc949d92059a7488b2e74fdf80222b29dd38df102da09d37b5d26e11092
2020/12/MER-PR-06-00-fichatecnica.pdf	media/production/documents/uploads/2020/12/MER-PR-06-00-fichatecnica.pdf	application/pdf	423541	a86b9d7cde40c217b0da10f56b61f2b981d8ae93bb7a8794cf1497250f012049
2020/12/MER-PR-07-00-dibujo2d.pdf	media/production/documents/uploads/2020/12/MER-PR-07-00-dibujo2d.pdf	application/pdf	438535	806e63d86143241fe80c8456d68a279aede24205051bc9010aec7f5e01fb33b0
2020/12/MER-PR-07-00-fichatecnica.pdf	media/production/documents/uploads/2020/12/MER-PR-07-00-fichatecnica.pdf	application/pdf	500891	5d1d8d5077cb8a492adaeadae5ae0b1f7d5a2eced65b309e4ca87516ae678378
2020/12/MEV-CR-03-00-dibujo2d.pdf	media/production/documents/uploads/2020/12/MEV-CR-03-00-dibujo2d.pdf	application/pdf	288306	0ada3cb62dfb4b4fd6bbc8353cae76d02f21b61088a0b620633b08a53dbd2848
2020/12/MEV-CR-03-00-fichatecnica.pdf	media/production/documents/uploads/2020/12/MEV-CR-03-00-fichatecnica.pdf	application/pdf	406056	debdb7ef332a09824de08bb67f41c7a3edc923247c24f114b31e89050a626518
2021/01/AED-004-FORTE-PECHO.pdf	media/production/documents/uploads/2021/01/AED-004-FORTE-PECHO.pdf	application/pdf	912867	830712b7a6ca9411a31fa8348e975de2f81a66f78d5d5d69f9fd6f2c87eccc87
2021/01/AED-011-FORTE-BRAZOS-Y-MUNECAS.pdf	media/production/documents/uploads/2021/01/AED-011-FORTE-BRAZOS-Y-MUNECAS.pdf	application/pdf	523419	d1cd1e81824685799d997b15331f5230dfc9831e48f6f894a2444b20d0267e65
2021/01/AED-013-FORTE-POTRO.pdf	media/production/documents/uploads/2021/01/AED-013-FORTE-POTRO.pdf	application/pdf	532392	f12eb16b63f8a6ec7a93f9d66c89883a3d38cbb2c66d8c3fdbc8641a5b13f944
2021/01/AED-016-FORTE-BARRAS-PARALELAS.pdf	media/production/documents/uploads/2021/01/AED-016-FORTE-BARRAS-PARALELAS.pdf	application/pdf	536974	1ab88c0ba26b4e3a70af9d4d927fda15d06bb95ad3cf0db830f8dd2c8afb4d1c
2021/01/AEF-0515-DC-BRAZOS-Y-PIERNAS-DC.pdf	media/production/documents/uploads/2021/01/AEF-0515-DC-BRAZOS-Y-PIERNAS-DC.pdf	application/pdf	543043	75f2ed948c69afbc70b752f250399c5e3c8df1d8927f045d59246e0ea242003c
2021/01/AEM-214-CAMINADORA.pdf	media/production/documents/uploads/2021/01/AEM-214-CAMINADORA.pdf	application/pdf	501255	3d47ef7b71aecc0351f36ca54ba72a3acd31365085ee6c68b8534e301cc5c1ee
2021/01/AEM-314-ELIPTICA.pdf	media/production/documents/uploads/2021/01/AEM-314-ELIPTICA.pdf	application/pdf	542838	056e96b6ceaf02b3bcda16843a7e12086ce92b7c13223e21cafa41277c46b9a9
2021/01/AEM-514-2-PECHO-SENCILLO.pdf	media/production/documents/uploads/2021/01/AEM-514-2-PECHO-SENCILLO.pdf	application/pdf	555318	1a74930ddc045766a13b7afcf49ae0bdc9371989db8cf5fa5298f7c4a58ed111
2021/01/AEM-714-BICICLETA.pdf	media/production/documents/uploads/2021/01/AEM-714-BICICLETA.pdf	application/pdf	538231	0fc91a617bed987a6ec4833f40075fb68384aa7929a2faebd166f6a6dd36c864
2021/01/BAN-711-BANCA-HIMALAYA.pdf	media/production/documents/uploads/2021/01/BAN-711-BANCA-HIMALAYA.pdf	application/pdf	555537	fd42e86141e3cbf3ffe54645c2c50ef56ff544509479b4f284548265b239650c
2021/01/BBP-216-BANCA-PARA-BOLERO.pdf	media/production/documents/uploads/2021/01/BBP-216-BANCA-PARA-BOLERO.pdf	application/pdf	626028	c4e9e98ca14769cba086f6d8a870217e90250dbba1ec8a455d28c1ecbabfa90d
2021/01/BF-112-BANCA-EVEREST.pdf	media/production/documents/uploads/2021/01/BF-112-BANCA-EVEREST.pdf	application/pdf	1012462	27595eb86da7ff37a6da3b4bd8cefc9ef6a89e0cf21e148db327dd702cc5187a
2021/01/BF-165-BANCA-PVC.pdf	media/production/documents/uploads/2021/01/BF-165-BANCA-PVC.pdf	application/pdf	873703	14e0894f72aec3f9b206f1db947946ab48bd15368f3605d578355769d661ecc0
2021/01/CRL-32-7.0-CONJUNTO-MEDIA-LUNA.pdf	media/production/documents/uploads/2021/01/CRL-32-7.0-CONJUNTO-MEDIA-LUNA.pdf	application/pdf	581357	aff4db079896e610165bba7332f07ea9e92ff971b5accd2b89415da3031a7ab0
2021/01/JIP-116-1L-PANEL-INTERACTIVO-LABERINTO.pdf	media/production/documents/uploads/2021/01/JIP-116-1L-PANEL-INTERACTIVO-LABERINTO.pdf	application/pdf	580931	d5b4345766b4efcbba60babe46c5a01f6632ef383a0c5790dbc694c02aebe429
2021/01/JIP-116-1M-PANEL-INTERACTIVO-MUNECO.pdf	media/production/documents/uploads/2021/01/JIP-116-1M-PANEL-INTERACTIVO-MUNECO.pdf	application/pdf	589694	b947e77d1c771bb342b9b2e378ee5875de14baab8f4b882397d2a91f08a3ee95
2021/01/JIP-216-PANELES-INTERACTIVOS.pdf	media/production/documents/uploads/2021/01/JIP-216-PANELES-INTERACTIVOS.pdf	application/pdf	877382	0b98b70b57553c94da5651d003b5ebe2c4e4b30c4ff74da5d25d57ec09ab373c
2021/01/MUA-116-BANCA-TACANA.pdf	media/production/documents/uploads/2021/01/MUA-116-BANCA-TACANA.pdf	application/pdf	584627	ff41ffe886cf9c964046bbff23f819b2726a80a2d6bf1a9e8bef20aee5e71d2d
2021/01/MUA-118-BANCA-VELETA.pdf	media/production/documents/uploads/2021/01/MUA-118-BANCA-VELETA.pdf	application/pdf	578627	0b315ab297b97bb83d85009e3e049a53998edba3dc69604dc01f29a8294558b2
2021/01/MUA-217-A-BANCA-FUJI-A.pdf	media/production/documents/uploads/2021/01/MUA-217-A-BANCA-FUJI-A.pdf	application/pdf	543529	90051b66360c8a48d8ee4110c54fcb3bf1fdf0bbb66eae1b683c34fb69eefd0c
2021/01/MUA-317-BANCA-BARCENA.pdf	media/production/documents/uploads/2021/01/MUA-317-BANCA-BARCENA.pdf	application/pdf	538932	1cb40f69a9b7185fd85f0b4e95560d7c8299953a2152d3d7ef2d41cf7bcb1bae
2021/01/MUA-418-Banca-Aneto.pdf	media/production/documents/uploads/2021/01/MUA-418-Banca-Aneto.pdf	application/pdf	855033	182c89e52129e564ecba8a2659f1c3c70f3366d619e1389271e2c84cbccd944b
2021/01/MUA-512-BANCA-ALPES.pdf	media/production/documents/uploads/2021/01/MUA-512-BANCA-ALPES.pdf	application/pdf	500595	7c7724c3133b667872fa9def147bde9f8b72593afa2f2abea4d2e4c24dc80759
2021/01/MUA-517-B-BANCA-LOA-B.pdf	media/production/documents/uploads/2021/01/MUA-517-B-BANCA-LOA-B.pdf	application/pdf	830974	9ac3835cff6abe86c888b5f91227ce9b62f637c3602e8351fcb4eac8723b9b53
2021/01/MUA-519-BANCA-CURVA.pdf	media/production/documents/uploads/2021/01/MUA-519-BANCA-CURVA.pdf	application/pdf	542177	c4886f155df6101bc2b30cbb48579e023af11786fd0fdba9c222af979cd83547
2021/01/MUA-617-BANCA-CON-APARCABICICLETAS-PISSIS.pdf	media/production/documents/uploads/2021/01/MUA-617-BANCA-CON-APARCABICICLETAS-PISSIS.pdf	application/pdf	578480	36928527b578b065555393452764fe43a5482782fe1104f8f28ee6c79528f7a8
2021/01/MUA-619-BANCA-CON-PERFILES.pdf	media/production/documents/uploads/2021/01/MUA-619-BANCA-CON-PERFILES.pdf	application/pdf	527663	e0a7807fe6cfacbe58ea0af27ec7975dcd798976ae3dbf2e8fc15bad12d49924
2021/01/MUA-915-BANCA-PUMORI.pdf	media/production/documents/uploads/2021/01/MUA-915-BANCA-PUMORI.pdf	application/pdf	673985	3bc9185f0adbefde1215181fc5c379850f4e1de14c40a256bdfbb031a0c4909d
2021/01/MUA-919-BANCA-MIKENO.pdf	media/production/documents/uploads/2021/01/MUA-919-BANCA-MIKENO.pdf	application/pdf	511068	6de882abc8bdc74d7fab6f8f420af85697291ef147ff4392a95f525dfa534e45
2021/01/MUA-1013-BANCA-AKIER.pdf	media/production/documents/uploads/2021/01/MUA-1013-BANCA-AKIER.pdf	application/pdf	957971	33523fc5b11dbbc0381f300fea76361835cb3a5e09997cb3747a3fecaee5407d
2021/01/MUA-1015DC-BANCA-LOGAN.pdf	media/production/documents/uploads/2021/01/MUA-1015DC-BANCA-LOGAN.pdf	application/pdf	828419	95994f96a6f6cc00ecd50ed70e399e421661e251383ad207d40dadfec2d33f0c
2021/01/MUA-1212-BANCA-PALERMO.pdf	media/production/documents/uploads/2021/01/MUA-1212-BANCA-PALERMO.pdf	application/pdf	1049990	426b0d17955d303a40bcdfa58cb5089256b249467606d15778f0439b3ed162dd
2021/01/MUB-212-APARCABICICLETAS.pdf	media/production/documents/uploads/2021/01/MUB-212-APARCABICICLETAS.pdf	application/pdf	600390	9c9177f929dafbd544f6a7c1b73a345923ae9a0688374e133245708d9f9101ea
2021/01/MUB-413-APARCABICICLETAS-3.pdf	media/production/documents/uploads/2021/01/MUB-413-APARCABICICLETAS-3.pdf	application/pdf	577740	dc33fd17382b5412059242f4cbe7820b3f623620249bcbfe36f177098e786c7c
2021/01/MUB-518-APARCABICICLETA-9.pdf	media/production/documents/uploads/2021/01/MUB-518-APARCABICICLETA-9.pdf	application/pdf	828888	e165337a1fea710ea4ab0ccb913285aa499cb17fe3bedf0ac48b99015132629e
2021/01/MUB-716-APARCABICILCETAS.pdf	media/production/documents/uploads/2021/01/MUB-716-APARCABICILCETAS.pdf	application/pdf	568929	129cca82078a329e3960bcd8b2288c3cac3243fa4955751ec0a2dfb3cc2f244f
2021/01/MUM-419-1-BANCA-FURNAS.pdf	media/production/documents/uploads/2021/01/MUM-419-1-BANCA-FURNAS.pdf	application/pdf	517743	61d6734d3b95567251441c61c8db8d41b3954ebfe3553abbe8bdb7e2f5ea0362
2021/01/MUM-513-MESA-AJEDREZ.pdf	media/production/documents/uploads/2021/01/MUM-513-MESA-AJEDREZ.pdf	application/pdf	562653	8f222d427f888e7de56c088751a9d1f855aef9e818b8d4884f87a5c5f9122224
2021/10/CP-118-Archivo-2D-Rev.0.zip	media/production/documents/uploads/2021/10/CP-118-Archivo-2D-Rev.0.zip	application/zip	91690	cc4f150471b12da54c284410a59178cc0ee31f7c6915603b33dd897c3e699177
2021/10/EOS-71BP-7.0-Archivo-2D-Rev.0.zip	media/production/documents/uploads/2021/10/EOS-71BP-7.0-Archivo-2D-Rev.0.zip	application/zip	255822	b01d52a343081961869bd05899b4bc43e27a9adc104ee3651859db4232c0ef24
2021/10/EOS-210-7.0-Archivo-2D-Rev.0.zip	media/production/documents/uploads/2021/10/EOS-210-7.0-Archivo-2D-Rev.0.zip	application/zip	992078	667d60c6f2383af86d314752bfa7460bcbed1394e3c232d76737f3bd12ad1707
2021/10/EOS-220-10.0-Archivo-2D-Rev.0.zip	media/production/documents/uploads/2021/10/EOS-220-10.0-Archivo-2D-Rev.0.zip	application/zip	204335	6c8137993b0c4fb6022a831d3ecf249dc2aa8b85b25b985a7b66a4524eb0bc46
2021/10/EOS-511-7.0-Archivo-2D-Rev.0.zip	media/production/documents/uploads/2021/10/EOS-511-7.0-Archivo-2D-Rev.0.zip	application/zip	456848	dd59a9c1eab7e090985914ffd2eeb6f74cb1b21693468f7c5e815635cf746787
2021/10/EOS-515-7.0-Archivo-2D-Rev.0.zip	media/production/documents/uploads/2021/10/EOS-515-7.0-Archivo-2D-Rev.0.zip	application/zip	689504	b85b9561d551b5c15d2481abb7d5dc854099a4c7f7b04e362c7ab61684f3cc33
2021/10/EOS-611-10.0-Archivo-2D-Rev.0.zip	media/production/documents/uploads/2021/10/EOS-611-10.0-Archivo-2D-Rev.0.zip	application/zip	1228491	65831f4c64d7b79dfec02d8c41966afdbec4ac12d88f664e8ceadb1db075398f
2021/10/EOS-715-10.0-Archivo-2D-Rev.0.zip	media/production/documents/uploads/2021/10/EOS-715-10.0-Archivo-2D-Rev.0.zip	application/zip	1014803	01cfc371d61eb97e942b1cc3e1db743203e2c461a62e76f20552e37d28885c00
2021/10/EOS-815-9.0-Archivo-2D-Rev.0.zip	media/production/documents/uploads/2021/10/EOS-815-9.0-Archivo-2D-Rev.0.zip	application/zip	268593	a6f81900ed7a3009b82c2daea3c2fc9c1d69eb27c4ef5bc864886b47e0e23302
2021/10/EOS-1010-7.0-Archivo-2D-Rev.0.zip	media/production/documents/uploads/2021/10/EOS-1010-7.0-Archivo-2D-Rev.0.zip	application/zip	893714	47ecb4b0eea0fdc11875aabd09379c9e2bc37dfc086e42fe333213d368c95afc
2021/10/EOS-1613-10.0-Archivo-2D-Rev.0.zip	media/production/documents/uploads/2021/10/EOS-1613-10.0-Archivo-2D-Rev.0.zip	application/zip	2248949	a77c3f4859f2250062a924b76faab045b8f4cf45db2ea1c11dc753f33ab998ea
2021/10/EOS-1914-7.0-4-Archivo-2D-Rev.0.zip	media/production/documents/uploads/2021/10/EOS-1914-7.0-4-Archivo-2D-Rev.0.zip	application/zip	287704	17865656b4d330b0bfa321f5d3545d14cf9834f95f13b176107cd7d22df85e17
2021/10/EOS-1914-7.0-Archivo-2D-Rev.0.zip	media/production/documents/uploads/2021/10/EOS-1914-7.0-Archivo-2D-Rev.0.zip	application/zip	420678	ed87c4048235f85833954be2ab63c8c91a9210e6018190f23298de0b951efe6b
2021/10/IMS-120-Archivo-2D-Rev.0.zip	media/production/documents/uploads/2021/10/IMS-120-Archivo-2D-Rev.0.zip	application/zip	119309	41fbf95b16662c5cd596422019409493bf8eafb74027d1fd0af50127f0d06071
2021/10/IOS-110-1-9.0-Archivo-2D-Rev.0.zip	media/production/documents/uploads/2021/10/IOS-110-1-9.0-Archivo-2D-Rev.0.zip	application/zip	207010	3a3679250a0faf6df03b2c9381f543bdcd0a6b5a8ddd663ac8a3a9c12003c92a
2021/10/IOS-112-7.0-Archivo-2D-Rev.0.zip	media/production/documents/uploads/2021/10/IOS-112-7.0-Archivo-2D-Rev.0.zip	application/zip	138622	cd88230446bb153c64093e0d55e079635f2cfb71a4bf3b75f48cfd4d6bdc8571
2021/10/IOS-115-7.0-Archivo-2D-Rev.0.zip	media/production/documents/uploads/2021/10/IOS-115-7.0-Archivo-2D-Rev.0.zip	application/zip	1256121	0f4752a5732a88e7ca773735d094d3a383b11e378d5d91be3592ef3d018b9ce5
2021/10/IRE-218-Archivo-2D-Rev.0.zip	media/production/documents/uploads/2021/10/IRE-218-Archivo-2D-Rev.0.zip	application/zip	87336	820c99bc1c3bea9ca2a8693d594241574ea3c0efbe6f807272a5b2d9d5426648
2021/10/ITY-120-Archivo-2D-Rev.0.zip	media/production/documents/uploads/2021/10/ITY-120-Archivo-2D-Rev.0.zip	application/zip	57163	831deff1253aee3507f0a06ea383da7296a4836b411add9c7f023fd332606838
2021/10/MEC-CR-03-00-dibujo2d.pdf	media/production/documents/uploads/2021/10/MEC-CR-03-00-dibujo2d.pdf	application/pdf	396974	1c2c090eff0741ee7af7f0509649d55cbb1bc2ae7596f88cedc88ec3cc5c684f
2021/10/MEC-CR-03-00-fichatecnica.pdf	media/production/documents/uploads/2021/10/MEC-CR-03-00-fichatecnica.pdf	application/pdf	511714	98e4890ef250c89292680a593e3ce070bb23950eef708677ac1f3d26aab51eb6
2021/10/PPO-124-Archivo-2D-Rev.0.zip	media/production/documents/uploads/2021/10/PPO-124-Archivo-2D-Rev.0.zip	application/zip	45037	0a48e34a55b44ee5b9cf204c11a44d97eec36ac56dc696293c8ac40c22dc3632
2021/10/RPP-112-3-Archivo-2D-Rev.0.zip	media/production/documents/uploads/2021/10/RPP-112-3-Archivo-2D-Rev.0.zip	application/zip	103731	0410141d4997cc25195d4aa744eca6c6f40ad544033ccb4dd4d89792c182ba56
2021/11/CP-102-2.0-Archivo-2D-Rev.0.zip	media/production/documents/uploads/2021/11/CP-102-2.0-Archivo-2D-Rev.0.zip	application/zip	46534	ceb33632a3b7e9e6c2780ae0db0272e0eefc7a27b1b8fec352ecb83351fb8d0c
2021/11/EL-118-4C-Archivo-2D-Rev.0.zip	media/production/documents/uploads/2021/11/EL-118-4C-Archivo-2D-Rev.0.zip	application/zip	895275	02c0ce49f55deb917d8257f9c0a9ae7189ccd4a8687460b09542c40462d0bc15
2021/11/EVA-112-9.0-Archivo-2D-Rev.0.zip	media/production/documents/uploads/2021/11/EVA-112-9.0-Archivo-2D-Rev.0.zip	application/zip	292014	47f2e1e525bc1aa66d7e0243bfb79ed7a9e8266425b7b892b8e76838d89dd742
2021/11/ILS-120-Archivo-2D-Rev.0.zip	media/production/documents/uploads/2021/11/ILS-120-Archivo-2D-Rev.0.zip	application/zip	113201	0e00080bad09925b0f42090388fd8b337b62ba4d5accf859c6f5235cbacfd692
2021/11/IRE-216-Archivo-2D-Rev.0.zip	media/production/documents/uploads/2021/11/IRE-216-Archivo-2D-Rev.0.zip	application/zip	69438	c6eb7c9e6bc1fd113434847ce82cd5b761b234e180a10e6eb7d1cb7b4ba5c194
2021/11/ITD-320-Archivo-2D-Rev.0.zip	media/production/documents/uploads/2021/11/ITD-320-Archivo-2D-Rev.0.zip	application/zip	48240	f1b4647f2e911a3a58e4d1df9664505096be4efc85697191739f5890d6867bac
2021/11/ITR-621-Archivo-2D-Rev.0.zip	media/production/documents/uploads/2021/11/ITR-621-Archivo-2D-Rev.0.zip	application/zip	237439	f1a944eee807cdc30fef4b0f6a654d7c53ff66ab3eadbaf6011b584a62aed485
2021/11/PTJ-116-Archivo-2D-Rev.0.zip	media/production/documents/uploads/2021/11/PTJ-116-Archivo-2D-Rev.0.zip	application/zip	52256	05950a487f2a1f3b6718de9cbb0a953e5dee0c1f558754997fe57d01b9caac11
2021/11/PTJ-218-Archivo-2D-Rev.0.zip	media/production/documents/uploads/2021/11/PTJ-218-Archivo-2D-Rev.0.zip	application/zip	42091	6587e4920247ba45df6a831ac74537f864aa3576ab39e6e0b5d5d040e51b6595
2021/11/PTJ-620-C-Archivo-2D-Rev.0.zip	media/production/documents/uploads/2021/11/PTJ-620-C-Archivo-2D-Rev.0.zip	application/zip	41443	87df1cf8189742744cc42fd924925118e310fafd1be2a183d6d2af1ecb8a76f5
2021/12/CP-102A-2.0-1-Archivo-2D-Rev.0.zip	media/production/documents/uploads/2021/12/CP-102A-2.0-1-Archivo-2D-Rev.0.zip	application/zip	42057	e56593a98341c8ae4e4377b47a78b46614c26839c2e61a72c34a253beefd8bf3
2021/12/CP-103-2.0-Archivo-2D-Rev.0.zip	media/production/documents/uploads/2021/12/CP-103-2.0-Archivo-2D-Rev.0.zip	application/zip	73223	09f90fad946c00eeeb6a9a1c3e1e1c86e71faf5ac539bfb01722c1ded2527663
2021/12/CP-216-Archivo-2D-Rev.0.zip	media/production/documents/uploads/2021/12/CP-216-Archivo-2D-Rev.0.zip	application/zip	226474	3d35a7f1b28298a4705043ba8d2775a58b515a02d992324032acc57a1fc961f1
2021/12/CP-316-DC-Archivo-2D-Rev.0.zip	media/production/documents/uploads/2021/12/CP-316-DC-Archivo-2D-Rev.0.zip	application/zip	835972	905a6d009061a1350cc9a9f46e87efa8732258c8ce2ff248909bf68d904e50b6
2021/12/CPP-216-Archivo-2D-Rev.0.zip	media/production/documents/uploads/2021/12/CPP-216-Archivo-2D-Rev.0.zip	application/zip	80092	2675d3d619499e1df70037797764b4958db49f391d6711835bbfe93d7ed06219
2021/12/CR-1-Archivo-2D-Rev.0.zip	media/production/documents/uploads/2021/12/CR-1-Archivo-2D-Rev.0.zip	application/zip	97418	19d1455bbb9b6433ae7c2b563c0f340437f0c83f5311c7c8014d6e12865c61d2
2021/12/CR-54-Archivo-2D-Rev.0.zip	media/production/documents/uploads/2021/12/CR-54-Archivo-2D-Rev.0.zip	application/zip	63108	555eb14ef88c40508ec7d386eb4e565c4a5c2aa0bac99e356cd90d5c23ad3809
2021/12/EL-1519-Archivo-2D-Rev.0-1.zip	media/production/documents/uploads/2021/12/EL-1519-Archivo-2D-Rev.0-1.zip	application/zip	892579	4f3a1a425c9002d5d400fc68af494f3fa857e826db3e1a6e1a22c2c8fd16046d
2021/12/EOS-71B-10.0-Archivo-2D-Rev.0.zip	media/production/documents/uploads/2021/12/EOS-71B-10.0-Archivo-2D-Rev.0.zip	application/zip	269063	3b142f620ffbc258b129023f673a2c367105c16e3a4a68b193551161d6d79857
2021/12/EOS-103-10.0-Archivo-2D-Rev.0.zip	media/production/documents/uploads/2021/12/EOS-103-10.0-Archivo-2D-Rev.0.zip	application/zip	419737	a61e36eb51910b4262f89365567af9e1e5e1b63988af976f943f341ce81ca2ee
2021/12/EOS-116-7.0-Archivo-2D-Rev.0.zip	media/production/documents/uploads/2021/12/EOS-116-7.0-Archivo-2D-Rev.0.zip	application/zip	326559	d0d6b761b21d3dbf830c1e0a2c86e1311d68d43c9db83b96a6b297e813b6a117
2021/12/EOS-121-2D-Archivo-2D-Rev.0.zip	media/production/documents/uploads/2021/12/EOS-121-2D-Archivo-2D-Rev.0.zip	application/zip	174262	64813dc495e0ce9e7a9603b49ba49bd456bf292f7162b08c962b1cd4194f5436
2021/12/EOS-2412-7.0-DC-Archivo-2D-Rev.0.zip	media/production/documents/uploads/2021/12/EOS-2412-7.0-DC-Archivo-2D-Rev.0.zip	application/zip	162596	0c7351b364151d61417e5176f4c2fe2bd9cc742de20029495898f443c41176dc
2021/12/EVA-114-1-Archivo-2D-Rev.0.zip	media/production/documents/uploads/2021/12/EVA-114-1-Archivo-2D-Rev.0.zip	application/zip	329629	d1813627b4fc56bc61508637b30b9225e84113a4a7030d4f274f2c65b58c83c5
2021/12/EVA-618-Archivo-2D-Rev.0.zip	media/production/documents/uploads/2021/12/EVA-618-Archivo-2D-Rev.0.zip	application/zip	287972	372242202653d3f73f443d5777c11ed0f94a06b5ee04e626a237a1bfb566a605
2021/12/EVA-814-9.0-Archivo-2D-Rev.0.zip	media/production/documents/uploads/2021/12/EVA-814-9.0-Archivo-2D-Rev.0.zip	application/zip	345060	e664c9ca1c3753a6798ebc09751bfc2184a36968c6e186a4e7b8839df5e47143
2021/12/GR-118-Archivo-2D-Rev.0.zip	media/production/documents/uploads/2021/12/GR-118-Archivo-2D-Rev.0.zip	application/zip	40923	6d32bbd4ecdee9b38861679cbe32a52ced17e648109b3854a5f587d254599061
2021/12/IRE-114-Archivo-2D-Rev.0.zip	media/production/documents/uploads/2021/12/IRE-114-Archivo-2D-Rev.0.zip	application/zip	48512	a2083be2b53e1654dcc993eacbb7cc2ba7a0aa5bd3b02420fecdd0386a15db4e
2021/12/IRE-316-Archivo-2D-Rev.0.zip	media/production/documents/uploads/2021/12/IRE-316-Archivo-2D-Rev.0.zip	application/zip	112215	ed7745e66aa78356ea7df97e1e26c406545af5ba9a0ed5ca5ad1e31754bd90d9
2021/12/IRE-416-Archivo-2D-Rev.0.zip	media/production/documents/uploads/2021/12/IRE-416-Archivo-2D-Rev.0.zip	application/zip	49702	c6dc3646337314fe137c9e0cc9752e0aaaafab53af71fc2ae611ea97984d1e2b
2021/12/ITR-119-Archivo-2D-Rev.0.zip	media/production/documents/uploads/2021/12/ITR-119-Archivo-2D-Rev.0.zip	application/zip	86147	b9efc72431866eceae727059a0e08a4f3279a367d38848ea7b3b44ab9344ed3c
2021/12/ITR-215-Archivo-2D-Rev.0.zip	media/production/documents/uploads/2021/12/ITR-215-Archivo-2D-Rev.0.zip	application/zip	69138	675d1c878ae4a869c2ce94c2bd4b6a21323cf653002b725f4eb0b50b7a08e5e6
2021/12/ITR-217-Archivo-2D-Rev.0.zip	media/production/documents/uploads/2021/12/ITR-217-Archivo-2D-Rev.0.zip	application/zip	137276	aa4b24bd60b0f3e042203126b45b7b554b238c0d029ea36496239c8979fe8443
2021/12/ITR-818-Archivo-2D-Rev.0.zip	media/production/documents/uploads/2021/12/ITR-818-Archivo-2D-Rev.0.zip	application/zip	136239	9c7cd7759bf70e9cbc12c8c7a370d932e38058086e1169b60ac65dea6e6c1f80
2021/12/ITR-918-Archivo-2D-Rev.0.zip	media/production/documents/uploads/2021/12/ITR-918-Archivo-2D-Rev.0.zip	application/zip	115250	d20890bcb73b04f051ee9674444fd39146242b0f7f17ab89a2eaa18d0d2b330e
2021/12/JIP-116-1L-Archivo-2D-Rev.0.zip	media/production/documents/uploads/2021/12/JIP-116-1L-Archivo-2D-Rev.0.zip	application/zip	79880	ae2d9627c693b083b951860d93917b2a92297a75279fd5f3f390eebec2414591
2021/12/JIP-116-1M-Archivo-2D-Rev.0.zip	media/production/documents/uploads/2021/12/JIP-116-1M-Archivo-2D-Rev.0.zip	application/zip	79990	69cd44af44fb550d275e11552ca61a5af2ca8f6527972d5362270e85bdae93a7
2021/12/JIP-216-Archivo-2D-Rev.0.zip	media/production/documents/uploads/2021/12/JIP-216-Archivo-2D-Rev.0.zip	application/zip	50117	d718468b5477ef0558f70b6ce01c530782d9b9923a41d1b5f4b321071f78c65e
2021/12/MTA-419-Archivo-2D-Rev.0.zip	media/production/documents/uploads/2021/12/MTA-419-Archivo-2D-Rev.0.zip	application/zip	202381	27bb2dff073bc71cdaf130b9e723855cac26630b4833505428504c238ffc72e8
2021/12/MTC-118-Archivo-2D-Rev.0.zip	media/production/documents/uploads/2021/12/MTC-118-Archivo-2D-Rev.0.zip	application/zip	474640	92365b5f909e2143239db688e9b04bc8d9fad0aefad5b31425ff8b7ef0e366a9
2021/12/MTN-112-9.0-Archivo-2D-Rev.0.zip	media/production/documents/uploads/2021/12/MTN-112-9.0-Archivo-2D-Rev.0.zip	application/zip	472464	f180fce52d4ef885b713f39ad9043a01463a525c5cd55ffc2a87b93294808d98
2021/12/MTN-217-Archivo-2D-Rev.0.zip	media/production/documents/uploads/2021/12/MTN-217-Archivo-2D-Rev.0.zip	application/zip	101189	20cf4939449934c14c8395cebdafa2e8d24c2ba928e9a2246c4f84376aefecf7
2021/12/MTT-113-10.0-Archivo-2D-Rev.0.zip	media/production/documents/uploads/2021/12/MTT-113-10.0-Archivo-2D-Rev.0.zip	application/zip	434376	fb833fa48e1193d6036336de8e82156fa25cb83fcb3172c261d4550d64b3521d
2021/12/PIV-111-Archivo-2D-Rev.0.zip	media/production/documents/uploads/2021/12/PIV-111-Archivo-2D-Rev.0.zip	application/zip	77628	4ba3456dd9a0f20df3bdaa32d54714722c0f585f1ad51c416ac9b9ab5a8d82bd
2021/12/PPC-112-10.0-Archivo-2D-Rev.0.zip	media/production/documents/uploads/2021/12/PPC-112-10.0-Archivo-2D-Rev.0.zip	application/zip	186251	6ee9984ce8d2e004c1fcee2c30983e395fb4389276869eb8b40e0b568634f798
2021/12/PPN-122-Archivo-2D-Rev.0.zip	media/production/documents/uploads/2021/12/PPN-122-Archivo-2D-Rev.0.zip	application/zip	104579	e5345fad6a86ced5a7e91f8d1c499deb534823f2b1b05a8a648970ea01452b94
2021/12/PTJ-118-Archivo-2D-Rev.0.zip	media/production/documents/uploads/2021/12/PTJ-118-Archivo-2D-Rev.0.zip	application/zip	113789	ca446fdf651d900dccff2a5599f8ce4bec853e6855db070b0bcfa44400d9d45c
2021/12/PTJ-219-Archivo-2D-Rev.0.zip	media/production/documents/uploads/2021/12/PTJ-219-Archivo-2D-Rev.0.zip	application/zip	44050	ff8b6c1734e2a63fe577ca32cc0441f33c118e4103c1b92dc3c85f93c1195949
2021/12/PTJ-617-Archivo-2D-Rev.0.zip	media/production/documents/uploads/2021/12/PTJ-617-Archivo-2D-Rev.0.zip	application/zip	36696	e9a87fae8beacf3fcd676a4e8c823b7d44214ec616995c368c2f0a6d1e28ccf5
2021/12/PTJ-BL-Archivo-2D-Rev.0.zip	media/production/documents/uploads/2021/12/PTJ-BL-Archivo-2D-Rev.0.zip	application/zip	82718	238900b83edb9736417be95cd51e0d20cb4488f8ae632c96193f530453f338ff
2021/12/PTJ-MIS-320-Archivo-2D-Rev.0.zip	media/production/documents/uploads/2021/12/PTJ-MIS-320-Archivo-2D-Rev.0.zip	application/zip	23907	98ffd9cce144ed34010cff035133b3e74afc6dfe2e045a4a8ee91dd39b446bee
2021/12/RPL-518-Archivo-2D-Rev.0.zip	media/production/documents/uploads/2021/12/RPL-518-Archivo-2D-Rev.0.zip	application/zip	75313	2105495fc00e39a24e509ae6fbb15d5163572bd3a3100cfed072839667676b2d
2021/12/RPP-112-Archivo-2D-Rev.0.zip	media/production/documents/uploads/2021/12/RPP-112-Archivo-2D-Rev.0.zip	application/zip	80585	5917ccb243384f7a025ef1096f42745a97da233bc638069d0867e464da7459ce
2021/12/SB-5-1-2D-Archivo-2D-Rev.0.zip	media/production/documents/uploads/2021/12/SB-5-1-2D-Archivo-2D-Rev.0.zip	application/zip	72276	c8037c85b77195752281ce0e0fd74c8d90b349936d58b73c46250fc857a82c12
2021/12/SB-5-Archivo-2D-Rev.0.zip	media/production/documents/uploads/2021/12/SB-5-Archivo-2D-Rev.0.zip	application/zip	25663	2a1fb55280a6396b6603aad3337392dada45c4f6de0e03183455aaf17411419c
2021/12/SB-115-1-Archivo-2D-Rev.0.zip	media/production/documents/uploads/2021/12/SB-115-1-Archivo-2D-Rev.0.zip	application/zip	86257	9b967b132bdd96d1f8b18c465999c96392760f63eff3a2bba41093db1c6494c5
2021/12/SB-115-Archivo-2D-Rev.0.zip	media/production/documents/uploads/2021/12/SB-115-Archivo-2D-Rev.0.zip	application/zip	83988	ec734b36b684f2ffdeb9e814cbdff3a635a1bf76c8d31889afe7e0bc285d5cfa
2021/12/TOR-111-Archivo-2D-Rev.0.zip	media/production/documents/uploads/2021/12/TOR-111-Archivo-2D-Rev.0.zip	application/zip	144610	23c6fdabe98fbac7870af727613c03da3ce2f5d29e29d1e0fc6fa44e96996379
2022/04/EL-118-4C-Ficha-Tecnica-REV-1.pdf	media/production/documents/uploads/2022/04/EL-118-4C-Ficha-Tecnica-REV-1.pdf	application/pdf	764034	c8395620f16c03ef89825d3841722ec0d647928f91d70932e5d473fae5a333d7
2022/04/EL-619-4C-Ficha-Tecnica-REV-1.pdf	media/production/documents/uploads/2022/04/EL-619-4C-Ficha-Tecnica-REV-1.pdf	application/pdf	825317	7afee4b84e8780e07e8923bcd6b88de39c5705a559404b1f5673726049892a84
2022/04/EL-1619-4C-Ficha-Tecnica-REV-1.pdf	media/production/documents/uploads/2022/04/EL-1619-4C-Ficha-Tecnica-REV-1.pdf	application/pdf	745174	2323ec9ddee7ec312b8c0088ee456020b477f077051d3d84f992e440103aa8e3
2022/06/AEM-914-Archivo-2D-Rev.0.zip	media/production/documents/uploads/2022/06/AEM-914-Archivo-2D-Rev.0.zip	application/zip	48450	474cc464955a3b872e67d32cceace3fb491433725f85ebeb21f7f602e9c54563
2022/06/AEM-914-Ficha-Tecnica-REV.0.pdf	media/production/documents/uploads/2022/06/AEM-914-Ficha-Tecnica-REV.0.pdf	application/pdf	728423	8a7bf97400ff98e52634cd02b0c0b5f3363e515fa6eb0ce10352cf0389cfb14d
2022/06/AEP-318-Archivo-2D-Rev.0.zip	media/production/documents/uploads/2022/06/AEP-318-Archivo-2D-Rev.0.zip	application/zip	131798	5a750a99c2d74c5315a06095f1857ff42d2bc222cb8fa1abacfd29725f929c5f
2022/06/AEP-318-Ficha-Tecnicarev-0.pdf	media/production/documents/uploads/2022/06/AEP-318-Ficha-Tecnicarev-0.pdf	application/pdf	734319	1df9e925fe14f7a01340e3ebb8d97f9758acdcb082d56a43274c67c895467999
2022/06/AEP-418-Archivo-2D-Rev.0.zip	media/production/documents/uploads/2022/06/AEP-418-Archivo-2D-Rev.0.zip	application/zip	58683	cc09fa453011b751ec60f1045d3b2e70dca0acc0869d6726eccc46a42d2eeea6
2022/06/AEP-418-Ficha-Tecnica-REV-0.pdf	media/production/documents/uploads/2022/06/AEP-418-Ficha-Tecnica-REV-0.pdf	application/pdf	668416	9cfc657f28de1f05aca5deed74af089108f4cc4c29fd717c1bbef211de7b9cfc
2022/07/AED-001-Archivo-2D-Rev.0.zip	media/production/documents/uploads/2022/07/AED-001-Archivo-2D-Rev.0.zip	application/zip	178667	a58a3cadaa75b89eb7bd4ea3325db37980749504a93318c48c1e3f64596062ec
2022/07/AED-001-Ficha-Tecnica-REV-0.pdf	media/production/documents/uploads/2022/07/AED-001-Ficha-Tecnica-REV-0.pdf	application/pdf	692894	d8c0ce529837949a2ac6a1c01b60a7b2ba2c16e7cd2d67eb0c943e589d923d87
2022/07/AED-002-Archivo-2D-Rev.0.zip	media/production/documents/uploads/2022/07/AED-002-Archivo-2D-Rev.0.zip	application/zip	206688	e1f2aba5cb97d31f6f36cb8f3a99694511f9de5a3bc0b0b8a62c55e972643a26
2022/07/AED-002-Ficha-Tecnica-REV-0.pdf	media/production/documents/uploads/2022/07/AED-002-Ficha-Tecnica-REV-0.pdf	application/pdf	703254	94944f6ee6f2b2bf0b9c9c0bb5900c0b40ad20f6c1f0cf8beb588ed15f74a012
2022/07/AED-007-Archivo-2D-Rev.0.zip	media/production/documents/uploads/2022/07/AED-007-Archivo-2D-Rev.0.zip	application/zip	268986	a4482de2309ca2cc546cb5670edc0ce892bcff05ef1fb9c28dc78ec91f6ebf19
2022/07/AED-007-Ficha-Tecnica-REV-0.pdf	media/production/documents/uploads/2022/07/AED-007-Ficha-Tecnica-REV-0.pdf	application/pdf	671838	73b1f68609be3cccac2a49212be531918b0a91b226383d351c470d7dee69495e
2022/07/AED-010-Archivo-2D-Rev.0.zip	media/production/documents/uploads/2022/07/AED-010-Archivo-2D-Rev.0.zip	application/zip	65566	d922d2450e8b4c5f347798b0348c347ad8c5989f1f7b3e4c1c192e2aca64bb5d
2022/07/AED-010-Ficha-Tecnica-REV-0.pdf	media/production/documents/uploads/2022/07/AED-010-Ficha-Tecnica-REV-0.pdf	application/pdf	906853	e5a6ced397d56727d8308caf923d375bba94190d2106716e97b7f4bb3908b078
2022/07/AEF-0212-3-Archivo-2D-Rev.0.zip	media/production/documents/uploads/2022/07/AEF-0212-3-Archivo-2D-Rev.0.zip	application/zip	204357	b0d533905666611367a1047bb51acfad2d507c9c4166c8b1f92707ba783860a4
2022/07/AEF-0212-3-Ficha-Tecnica-REV-0.pdf	media/production/documents/uploads/2022/07/AEF-0212-3-Ficha-Tecnica-REV-0.pdf	application/pdf	738519	1e86830183c78410c4a00a3f5a4c1005cf3df5ec869de3011a35e3ee5499e513
2022/07/AEF-215-DC-Archivo-2D-Rev.0.zip	media/production/documents/uploads/2022/07/AEF-215-DC-Archivo-2D-Rev.0.zip	application/zip	74370	38aad8d04d20f9b8fd80e1876d7c7fbcd5728550c73c62e126376cc58a9e01fd
2022/07/AEF-215-DC-Ficha-Tecnica-REV-0.pdf	media/production/documents/uploads/2022/07/AEF-215-DC-Ficha-Tecnica-REV-0.pdf	application/pdf	794471	6aaf92cf1239eea264d64addf15e268042248e27536084f773c7a6110d85fdfd
2022/07/INOX-517-B-Archivo-2D-Rev-0.zip	media/production/documents/uploads/2022/07/INOX-517-B-Archivo-2D-Rev-0.zip	application/zip	42144	96736ae2d0768d4f6d2778902b54d707729d5298e4a02a62eed3b3055d2d7515
2022/07/INOX-BOL-118P-Archivo-2D-Rev-0.zip	media/production/documents/uploads/2022/07/INOX-BOL-118P-Archivo-2D-Rev-0.zip	application/zip	38061	342a2f1ba3d8b751078dbdb4fb2b9452f6bcdbe7ea0d34adc7ca2eda7b2481d5
2022/07/INOX-BOL-118P-Ficha-Tecnica-Rev.-0.pdf	media/production/documents/uploads/2022/07/INOX-BOL-118P-Ficha-Tecnica-Rev.-0.pdf	application/pdf	848345	2f532d75687b6d9556e00870a46c19c888e3d599918193a72d47fa48991124d2
2022/07/INOX-BOL-618P-Archivo-2D-Rev-0.zip	media/production/documents/uploads/2022/07/INOX-BOL-618P-Archivo-2D-Rev-0.zip	application/zip	67394	ca90998b16ff1dfa9b782ed845ceab0d6187ac073aa1aa31c02fcd03e1dbd09a
2022/07/INOX-BOL-618P-Ficha-Tecnica-Rev.-0.pdf	media/production/documents/uploads/2022/07/INOX-BOL-618P-Ficha-Tecnica-Rev.-0.pdf	application/pdf	644092	896e0c32c6a950bfac101a7ef1bccc7353e0d6d133cd2364021d77d55f78081f
2022/07/INOX-MUO-0212-Archivo-2D-Rev-0.zip	media/production/documents/uploads/2022/07/INOX-MUO-0212-Archivo-2D-Rev-0.zip	application/zip	40614	832901f3995bbe9b0de18015a422c04c15b0d1f476737002cbcec2e7517a619c
2022/07/INOX-MUO-0212-Fichas-Tecnicas-Rev.-0.pdf	media/production/documents/uploads/2022/07/INOX-MUO-0212-Fichas-Tecnicas-Rev.-0.pdf	application/pdf	678888	747a8be1279c0d1d47b42035ebf7f9aabafc9add9f442ce36004c7ccfcb799bf
2022/07/INOX-MUO-718-Archivo-2D-Rev-0.zip	media/production/documents/uploads/2022/07/INOX-MUO-718-Archivo-2D-Rev-0.zip	application/zip	25053	8f15827a80109fb7cc14f432c875b8c80b9a9c0857952e44bc880e47f02c3760
2022/07/INOX-MUO-718-Ficha-Tecnica-Rev.-0.pdf	media/production/documents/uploads/2022/07/INOX-MUO-718-Ficha-Tecnica-Rev.-0.pdf	application/pdf	679969	fefd546d403a9ffd29a02d675e19d5c4b5dbdf18da16bf8da7d30b109517426d
2022/07/MGA-220-Archivo-2D-Rev-0.zip	media/production/documents/uploads/2022/07/MGA-220-Archivo-2D-Rev-0.zip	application/zip	177286	3b4565eb857258c8c1741ef925e72a1dc8930301545aaa646363f21fcb928f56
2022/07/MGA-220-Ficha-Tecnica-Rev.-0.pdf	media/production/documents/uploads/2022/07/MGA-220-Ficha-Tecnica-Rev.-0.pdf	application/pdf	794837	04269f5069684db7de6e9f22b91f9ef1f0f2ac4d0c0f1fc0a0a558417c2f7c51
2022/07/MGM-120-1A-Archivo-2D-Rev-0.zip	media/production/documents/uploads/2022/07/MGM-120-1A-Archivo-2D-Rev-0.zip	application/zip	984998	4f54797a67e05e7dab37523530f745d012f873c722c1ee54ab58ef25a2504c64
2022/07/MGM-120-1A-Ficha-Tecnica-Rev.-0.pdf	media/production/documents/uploads/2022/07/MGM-120-1A-Ficha-Tecnica-Rev.-0.pdf	application/pdf	852924	be94aca73915da33d5b7a15c239ca6177456d4febc85abbdf9bab7537549a288
2022/07/MMA-117-Archivo-2D-Rev-0.zip	media/production/documents/uploads/2022/07/MMA-117-Archivo-2D-Rev-0.zip	application/zip	26342	e185a452ad320571e77c03346772717884c4f54661071bbd1277f32fd8bbd57d
2022/07/MMA-117-Ficha-Tecnica-Rev.-0.pdf	media/production/documents/uploads/2022/07/MMA-117-Ficha-Tecnica-Rev.-0.pdf	application/pdf	534601	a0371812fb1440e65c09881641c7e6f97e1999971a246d24faceac7abd356ad6
2022/07/MMA-217-Archivo-2D-Rev-0.zip	media/production/documents/uploads/2022/07/MMA-217-Archivo-2D-Rev-0.zip	application/zip	37704	a29cb9504e571d65901fc79c91fb76e3c61cf8b33102387518773a99f3418852
2022/07/MMA-217-Ficha-Tecnica-Rev.-0.pdf	media/production/documents/uploads/2022/07/MMA-217-Ficha-Tecnica-Rev.-0.pdf	application/pdf	593408	a9f52e1fa3b5ef544442d046f35c761f052f3c5c6619e6d88862fe1d2a870bd5
2022/07/MPVC-1-2D-Archivo-2D-Rev-0.zip	media/production/documents/uploads/2022/07/MPVC-1-2D-Archivo-2D-Rev-0.zip	application/zip	45723	601b63a5ce4c1b9bddfd96e18c396a3f92253182ef8afc24f7d92e64fd62812a
2022/07/MPVC-1-Ficha-Tecnica-Rev.-0.pdf	media/production/documents/uploads/2022/07/MPVC-1-Ficha-Tecnica-Rev.-0.pdf	application/pdf	900185	24b38d4bace4f68986de60450a1ff1217e3845fa2f1fa8fe53d236a6d6bfa445
2022/08/AED-003-Archivo-2D-Rev.0.zip	media/production/documents/uploads/2022/08/AED-003-Archivo-2D-Rev.0.zip	application/zip	477323	81b805bb28856c44d42c2674c102aeafb6a812232a846d813fd49dd2b8a18a71
2022/08/AED-003-ficha-Tecnica-Rev.0.pdf	media/production/documents/uploads/2022/08/AED-003-ficha-Tecnica-Rev.0.pdf	application/pdf	760196	b0258bc7613105ed07a42a5cf90a6c5c5b5f21e960ba3ea3d3f5f81a4004c94b
2022/08/AED-005-Archivo-2D-Rev.0.zip	media/production/documents/uploads/2022/08/AED-005-Archivo-2D-Rev.0.zip	application/zip	442670	62547ab6e58478523f3db7ac5290efe66e93b18d04c5135144200b0f8488f906
2022/08/AED-005-ficha-Tecnica-Rev.0.pdf	media/production/documents/uploads/2022/08/AED-005-ficha-Tecnica-Rev.0.pdf	application/pdf	756030	dc71722068b09e54b06610ed22cb45ed4c825d6f066d5690736d56350fd2be70
2022/08/AED-006-Archivo-2D-Rev.0.zip	media/production/documents/uploads/2022/08/AED-006-Archivo-2D-Rev.0.zip	application/zip	586917	51fef757f6b6bc850b294016aa761c8dc4cf4f168761b193bca7b3aa8661d114
2022/08/AED-006-ficha-Tecnica-Rev.0.pdf	media/production/documents/uploads/2022/08/AED-006-ficha-Tecnica-Rev.0.pdf	application/pdf	745898	f4fc702190e12abd31129a500305da268138e1ce7274402d5e4bc34ee8583594
2022/08/AEM-114-Archivo-2D-Rev.0.zip	media/production/documents/uploads/2022/08/AEM-114-Archivo-2D-Rev.0.zip	application/zip	197805	79015eabcd138123477d5b5c82ee546cefbc12a93caae4adf1a2786fc6abdf26
2022/08/AEM-114-Ficha-Tecnica-REV.0.pdf	media/production/documents/uploads/2022/08/AEM-114-Ficha-Tecnica-REV.0.pdf	application/pdf	695014	0b37d735641af09a52d8c7f513664e817255abfa3a0102b3e81cf444479496bf
2022/08/AID-818-Archivo-2D-Rev.0.zip	media/production/documents/uploads/2022/08/AID-818-Archivo-2D-Rev.0.zip	application/zip	309949	64d0b0bf17787e5f3cf15fedb82a7497511cdb864a579ef34e78f1e9d4e88655
2022/08/AID-1018-Archivo-2D-Rev.0.zip	media/production/documents/uploads/2022/08/AID-1018-Archivo-2D-Rev.0.zip	application/zip	273192	169874bfddeb1f56fb3734a3c7175ddacecaa13580cd19ca7a790ea2d67ad1f7
2022/08/AID-1918-Archivo-2D-Rev.0.zip	media/production/documents/uploads/2022/08/AID-1918-Archivo-2D-Rev.0.zip	application/zip	197453	84dbe37ea384ce4cc3f61a7554e4d16a642787aec910efeae424a6cf31bc1797
2022/08/AID-2218-Archivo-2D-Rev.0.zip	media/production/documents/uploads/2022/08/AID-2218-Archivo-2D-Rev.0.zip	application/zip	331908	0bcaf73af9f88505a0a0ea5912c121e2df99584f9ae608773e882afa01b62197
2022/08/BAR-1-Archivo-2D-Rev.0.zip	media/production/documents/uploads/2022/08/BAR-1-Archivo-2D-Rev.0.zip	application/zip	177907	e2feb9bdbcea8cc459f9870720d5e3f0b5503361c28d7dc70370d4a0445fadcf
2022/08/BAR-3-Archivo-2D-Rev.0.zip	media/production/documents/uploads/2022/08/BAR-3-Archivo-2D-Rev.0.zip	application/zip	186838	ef29bc52e52c78c5925eace0584cec81b2ccbe51fc685e8f6ca9cf59bfeedbe5
2022/08/CMT-32OP-Ficha-Tecnica-rev-0.pdf	media/production/documents/uploads/2022/08/CMT-32OP-Ficha-Tecnica-rev-0.pdf	application/pdf	504853	4be48b8b35203632f3ab435ec0d2ed478c718503775abf3111509e491841e432
2022/08/CMT-320P-Archivo-2D-Rev.0.zip	media/production/documents/uploads/2022/08/CMT-320P-Archivo-2D-Rev.0.zip	application/zip	680637	b789bef26fb81a64940a773afb7e361594931ddbc99fcb2e679c541f9988345f
2022/08/CPD-218-Archivo-2D-Rev.0.zip	media/production/documents/uploads/2022/08/CPD-218-Archivo-2D-Rev.0.zip	application/zip	264626	88e6ab7074c1237026e3aebf57eb86f80a02b8658b4641633fb2281ebcb162ea
2022/08/MUA-420-Archivo-2D-Rev.0.zip	media/production/documents/uploads/2022/08/MUA-420-Archivo-2D-Rev.0.zip	application/zip	261529	55894d0705f2235ab63da27ff814b11c4cec3262a25466ef6dd1cff9fc96e782
2022/08/MUA-420-Ficha-Tecnica-rev-0.pdf	media/production/documents/uploads/2022/08/MUA-420-Ficha-Tecnica-rev-0.pdf	application/pdf	758200	548a3e10ae5fe6ad070005a91b7e6efcf672ae659fb64c0b276c52e50be6a84a
2022/08/MUA-517-A-Ficha-Tecnica-Rev-0.pdf	media/production/documents/uploads/2022/08/MUA-517-A-Ficha-Tecnica-Rev-0.pdf	application/pdf	759358	3efa8db41a64e6561d27419e17b509af7552fa9dd5b3bdcec796c6147369729b
2022/08/MUA-517A-Archivo-2D-Rev.0.zip	media/production/documents/uploads/2022/08/MUA-517A-Archivo-2D-Rev.0.zip	application/zip	257995	6751cb22bd404d871ee0294465e0f515f4a955eb8c16d752aeb364c9478e544f
2022/08/MUA-520-Archivo-2D-Rev.0.zip	media/production/documents/uploads/2022/08/MUA-520-Archivo-2D-Rev.0.zip	application/zip	265066	d1fb8ac577185203dfe805d465cec040e222a5bcb6b1b66264a96ebe80db8238
2022/08/MUA-520-Ficha-Tecnica-rev-0.pdf	media/production/documents/uploads/2022/08/MUA-520-Ficha-Tecnica-rev-0.pdf	application/pdf	758840	83915a45d24029e66fe2cb1b264856b4e9127f6d4ed9aa0346ded41157136201
2022/08/MUB-320-Archivo-2D-Rev.0.zip	media/production/documents/uploads/2022/08/MUB-320-Archivo-2D-Rev.0.zip	application/zip	674907	64b9d9fea76dec2b80c6fe176b1ecc94ba3af03730317bcbd8b8e227abeceb99
2022/08/MUB-320-Ficha-Tecnica-rev-0.pdf	media/production/documents/uploads/2022/08/MUB-320-Ficha-Tecnica-rev-0.pdf	application/pdf	675029	bafc2576fa171a5cc1b2c7ef897a54c78244873cee973ec79af58d5099c77be1
2022/08/MUM-112-Archivo-2D-Rev.0.zip	media/production/documents/uploads/2022/08/MUM-112-Archivo-2D-Rev.0.zip	application/zip	673714	3b95f150b6e6281ab798e6b28dbe25c643e194c3390ae4904406e283ef81d877
2022/08/MUM-112-Ficha-Tecnica-rev-0.pdf	media/production/documents/uploads/2022/08/MUM-112-Ficha-Tecnica-rev-0.pdf	application/pdf	710189	6650519870b0e68b590b1da555e7f67231c581e60cf8de6664d4ad82cbb88dc4
2022/08/MUM-118-Archivo-2D-Rev.0.zip	media/production/documents/uploads/2022/08/MUM-118-Archivo-2D-Rev.0.zip	application/zip	659309	0472e66c0937a2bef2ae0af7e4abd268b09c157cd168c354c94cd6035bb676ad
2022/08/MUM-118-Ficha-Tecnica.pdf	media/production/documents/uploads/2022/08/MUM-118-Ficha-Tecnica.pdf	application/pdf	813879	e2a02683c02954fced1c0a5f52eea77d8387142715932a2376a89d9674bc47d0
2022/08/MUM-212-Archivo-2D-Rev.0.zip	media/production/documents/uploads/2022/08/MUM-212-Archivo-2D-Rev.0.zip	application/zip	655610	7d616ae844e595a250b1a769e7cd82501ca4f1529914d3bb96d1470e5d39f8a2
2022/08/MUM-212-Ficha-Tecnica.pdf	media/production/documents/uploads/2022/08/MUM-212-Ficha-Tecnica.pdf	application/pdf	964903	193dfab3a1ec526817ffde21b7973c30f18eb2d0d32fe9df9fe6181c343c48cb
2022/08/MUM-213-1-Archivo-2D-Rev.0.zip	media/production/documents/uploads/2022/08/MUM-213-1-Archivo-2D-Rev.0.zip	application/zip	363155	d4583ff70af6029da3677e2a6bb7ccaeb4692bb01386114c2c8f40ca2090fa70
2022/08/MUM-213-1-Ficha-Tecnica-Rev-0.pdf	media/production/documents/uploads/2022/08/MUM-213-1-Ficha-Tecnica-Rev-0.pdf	application/pdf	751748	93b15702fee0f3f4a188950ce268600a1cb29c4a9f3cda5b8dbdf22bf59aceac
2022/08/MUM-213-2-Archivo-2D-Rev.0.zip	media/production/documents/uploads/2022/08/MUM-213-2-Archivo-2D-Rev.0.zip	application/zip	277359	9c3a70f7f3df82d3a3a32751b1719bef88cb0c129e0a372776b792cdd7942b84
2022/08/MUM-213-Archivo-2D-Rev.0.zip	media/production/documents/uploads/2022/08/MUM-213-Archivo-2D-Rev.0.zip	application/zip	541632	f4065809a8dd208373ad8b4e0bf3aedee1f2fb2c21da2e7e6b981120db047bb9
2022/08/MUM-213-Ficha-Tecnica-rev-0.pdf	media/production/documents/uploads/2022/08/MUM-213-Ficha-Tecnica-rev-0.pdf	application/pdf	712540	76129a1df04f3c8e3e15513b0694ef3f7506599592ea81dccb3ab27efec559ee
2022/08/MUM-216-Archivo-2D-Rev.0.zip	media/production/documents/uploads/2022/08/MUM-216-Archivo-2D-Rev.0.zip	application/zip	740949	d3c2783cd237b1793f92fee78a7466fbcbf3293c1a8c0bf102d38068d0f8722c
2022/08/MUM-216-Ficha-Tecnica-Rev-0.pdf	media/production/documents/uploads/2022/08/MUM-216-Ficha-Tecnica-Rev-0.pdf	application/pdf	751069	835e1f4a5f3f2cce47fd9eb64ca5b3c384bc048b3a22bc728565b9136c5cbb2c
2022/08/MUO-519-Archivo-2D-Rev.0.zip	media/production/documents/uploads/2022/08/MUO-519-Archivo-2D-Rev.0.zip	application/zip	269001	fb1bb5eec80460c7cfb314b4fcc550851af82dca53b26701156b30e7873210bd
2022/08/MUO-519-Ficha-Tecnica-rev-0.pdf	media/production/documents/uploads/2022/08/MUO-519-Ficha-Tecnica-rev-0.pdf	application/pdf	702259	f252a87015a1ee6e5449b7980afb95785bacd6a7c644e62edd06773d29d2ee85
2022/08/MUO-1612-Archivo-2D-Rev.0.zip	media/production/documents/uploads/2022/08/MUO-1612-Archivo-2D-Rev.0.zip	application/zip	268738	962dd66d237f881745e70253ba3c1363d57dbc9bb116ac21c95f77429ba397fc
2022/08/MUO-1612-Ficha-Tecnica-rev-0.pdf	media/production/documents/uploads/2022/08/MUO-1612-Ficha-Tecnica-rev-0.pdf	application/pdf	777693	0508947cf27bef0f22d4faf817821602d66f82994fc67b19e475e8552d4e03f7
2022/08/PB-218-Archivo-2D-Rev.0.zip	media/production/documents/uploads/2022/08/PB-218-Archivo-2D-Rev.0.zip	application/zip	247720	af85a1942a04ced3781bd82330273c0c7825d567808264c5553d9654ee7c1a24
2022/08/PB-218-Ficha-Tecnica-rev-0.pdf	media/production/documents/uploads/2022/08/PB-218-Ficha-Tecnica-rev-0.pdf	application/pdf	698572	af0e419abb21d19d967d349501ac2d45563885f35be3135975c7df80a3ed3138
2022/08/VL-119-1-Archivo-2D-Rev.0.zip	media/production/documents/uploads/2022/08/VL-119-1-Archivo-2D-Rev.0.zip	application/zip	183601	487e193615b55968623444f122bca440c8ade796c1c0072519fae00ac1277ada
2022/08/VL-119-1-Ficha-Tecnica-REV.0.pdf	media/production/documents/uploads/2022/08/VL-119-1-Ficha-Tecnica-REV.0.pdf	application/pdf	568036	6e5b39f085365cc9ed5693552364d99a86200776a6da2e789e723b68d124d4a4
2022/08/VL-119-Archivo-2D-Rev.0.zip	media/production/documents/uploads/2022/08/VL-119-Archivo-2D-Rev.0.zip	application/zip	185428	18e5d729b848e33fcd69326c710c0b7e11c2d0d85abf0464a8289836125c31b8
2022/08/VL-119-Ficha-Tecnica-REV.0.pdf	media/production/documents/uploads/2022/08/VL-119-Ficha-Tecnica-REV.0.pdf	application/pdf	545753	f9d74a4cfca856d4577aa571e6a884e9059504d8c13b983d8bbe8112f85887be
2022/08/VL-219-1-Archivo-2D-Rev.0.zip	media/production/documents/uploads/2022/08/VL-219-1-Archivo-2D-Rev.0.zip	application/zip	180026	64717e315fcc203134dd9a7cc715fe3135e73732fefc3940578e04b685f09dd1
2022/08/VL-219-1-Ficha-Tecnica-REV.0.pdf	media/production/documents/uploads/2022/08/VL-219-1-Ficha-Tecnica-REV.0.pdf	application/pdf	553671	e27e44719720df8c88fd2cde39ef1d4d4f4c8924532e4f3b2e867abd83652938
2022/08/VL-219-Archivo-2D-Rev.0.zip	media/production/documents/uploads/2022/08/VL-219-Archivo-2D-Rev.0.zip	application/zip	181483	1d5dbbb942972b8dc364a130a07f032b42daa95695b73a4cd4c110d40d294614
2022/08/VL-219-Ficha-Tecnica-REV.0.pdf	media/production/documents/uploads/2022/08/VL-219-Ficha-Tecnica-REV.0.pdf	application/pdf	547899	fa52bdefc8bf0f7ec6e8942c9a54a6e7db537d18e4128070f2c2023ea460bc0e
2022/08/VL-319-Archivo-2D-Rev.0.zip	media/production/documents/uploads/2022/08/VL-319-Archivo-2D-Rev.0.zip	application/zip	687045	67e8597aafc41ad68f5172fff5ee3a5b8ddbf989f0dc6c2fbfd69d1f92b7aa07
2022/08/VL-319-Ficha-Tecnica-REV.0.pdf	media/production/documents/uploads/2022/08/VL-319-Ficha-Tecnica-REV.0.pdf	application/pdf	564076	5c3ec3e52409e4628661d9463a5add2e1cda1de2e13332ef2445b9693a67f789
2022/09/EOS-513-10.0-Archivo-2D-Rev.0.zip	media/production/documents/uploads/2022/09/EOS-513-10.0-Archivo-2D-Rev.0.zip	application/zip	555089	a6e0f096d765e22e42e711fff423aa7131346af3352a763f1b69db3bfce8853d
2022/09/MTB-118-1-Archivo-2D-Rev.0.zip	media/production/documents/uploads/2022/09/MTB-118-1-Archivo-2D-Rev.0.zip	application/zip	950288	4c563d6d96b2848b4d07cf77895e189e8ad1e811913b351a5135b6225b23f3fc
2022/09/MTC-119-Archivo-2D-Rev.0.zip	media/production/documents/uploads/2022/09/MTC-119-Archivo-2D-Rev.0.zip	application/zip	1154928	d3443bb6430fe3a32a7c07f64f1e6ac3bc18a0797daa544861214bd4434825b2
2023/02/MEL-CR-01-00-dibujo2d.pdf	media/production/documents/uploads/2023/02/MEL-CR-01-00-dibujo2d.pdf	application/pdf	250167	546d84056b9585c0faee205314292e77889ccd5d92ed60390e2add39b2b8a8de
2023/02/MEL-CR-01-00-fichatecnica.pdf	media/production/documents/uploads/2023/02/MEL-CR-01-00-fichatecnica.pdf	application/pdf	374755	830caef0335489230fa76a4b014c20bd3a57d33f6aa7697c3adbc37ba701d143
2023/02/MEL-CR-02-00-dibujo2d.pdf	media/production/documents/uploads/2023/02/MEL-CR-02-00-dibujo2d.pdf	application/pdf	268741	702b4d73ea63097f67d6cc2d5faebdb1683dc222660a210af52e690ebb8aecb6
2023/02/MEL-CR-02-00-fichatecnica.pdf	media/production/documents/uploads/2023/02/MEL-CR-02-00-fichatecnica.pdf	application/pdf	429826	957e492e99feb13ff66b4f68a6210f6dc0d09b238849d91a3039873bdbf4bcd1
2023/02/MEL-CR-03-00-dibujo2d.pdf	media/production/documents/uploads/2023/02/MEL-CR-03-00-dibujo2d.pdf	application/pdf	227885	c68c60ec2681d4635ea3c70c48909c2b6483f8a3c3c49cb6f9ae4aa16cdb86bd
2023/02/MEL-CR-03-00-fichatecnica.pdf	media/production/documents/uploads/2023/02/MEL-CR-03-00-fichatecnica.pdf	application/pdf	381972	52bef46752c941759465a52a1859fb43fbaaca6c80ab35bc7451a8bbacdae91e
2023/03/CAN-00-02-00-Archivo-2D-Rev.0.zip	media/production/documents/uploads/2023/03/CAN-00-02-00-Archivo-2D-Rev.0.zip	application/zip	53823	b5ec667deeb08c0e612f578cf64abe4764d436fbe08e3243aa6c72c353639d4f
2023/03/CAN-00-02-00-Ficha-Tecnica-Rev.0.pdf	media/production/documents/uploads/2023/03/CAN-00-02-00-Ficha-Tecnica-Rev.0.pdf	application/pdf	774942	3aaad933ebb0415d6d2e7d846092242ec2e54113e305100cada6871c3450c0bb
2023/03/CAN-PL-01-00-Archivo-2D-Rev.0.zip	media/production/documents/uploads/2023/03/CAN-PL-01-00-Archivo-2D-Rev.0.zip	application/zip	103092	476aed7dc520a44d778d3586bd4443c9746b9e07ac5618db0aa6c5b71f28afb4
2023/03/CAN-PL-01-00-Ficha-Tecnica-Rev.0.pdf	media/production/documents/uploads/2023/03/CAN-PL-01-00-Ficha-Tecnica-Rev.0.pdf	application/pdf	731004	caaa288b5471ec6aa8f3e4480b53a1d1b8456c69c923c96644875492099432bb
2023/03/CAN-PL-02-00-Archivo-2D-Rev.0.zip	media/production/documents/uploads/2023/03/CAN-PL-02-00-Archivo-2D-Rev.0.zip	application/zip	387036	43808863086cdcbb5611c508c42bed01f83f7d4e69d08ef776460194c4ca454b
2023/03/CAN-PL-02-00-Ficha-Tecnica-REV-0.pdf	media/production/documents/uploads/2023/03/CAN-PL-02-00-Ficha-Tecnica-REV-0.pdf	application/pdf	695254	d3b1a1829fba3bc78763d2a3e92387778b36e8270fd08548f2dd6f6463192bde
2023/03/CAN-PL-03-00-Archivo-2D-Rev.0.zip	media/production/documents/uploads/2023/03/CAN-PL-03-00-Archivo-2D-Rev.0.zip	application/zip	81707	f7686720b607a30ca00108fdebc72eb296c85aa40f93c2aacb63762a2824a22b
2023/03/CAN-PL-03-00-Ficha-Tecnica-REV-0.pdf	media/production/documents/uploads/2023/03/CAN-PL-03-00-Ficha-Tecnica-REV-0.pdf	application/pdf	730427	b7fa812518a27c02534d39763ce5c616f12d9c1e8664abef15279f0ad11ea4f9
2023/03/CAN-PL-04-00-Ficha-Tecnica-Rev.0.pdf	media/production/documents/uploads/2023/03/CAN-PL-04-00-Ficha-Tecnica-Rev.0.pdf	application/pdf	685088	ac5757e4ae1038347c2440cf68a5e555df2d194d02e8c5a84d2a65c781b88d2a
2023/03/CAN-PL-05-00-Archivo-2D-Rev.0.zip	media/production/documents/uploads/2023/03/CAN-PL-05-00-Archivo-2D-Rev.0.zip	application/zip	54180	7359413ed2b7fec942bcd6b4a6cc7eaf024dcf0084f26ba64c34cd84e571bb6e
2023/03/CAN-PL-05-00-Ficha-Tecnica-Rev.0.pdf	media/production/documents/uploads/2023/03/CAN-PL-05-00-Ficha-Tecnica-Rev.0.pdf	application/pdf	704474	6e340b1c5d238599774e7743f5d205d4f8afa57413b87e3536667d23f4f16f54
2023/03/CAN-PL-06-00-Archivo-2D-Rev.0.zip	media/production/documents/uploads/2023/03/CAN-PL-06-00-Archivo-2D-Rev.0.zip	application/zip	56364	a5cba57268c12b8ac13c4fa11ea88153ddaf6e42be184161ae4673609ab29246
2023/03/CAN-PL-06-00-Ficha-Tecnica-Rev.0.pdf	media/production/documents/uploads/2023/03/CAN-PL-06-00-Ficha-Tecnica-Rev.0.pdf	application/pdf	815961	bc5569b3f223f31433169eabe6af93abef248157cd68440027ec73f53803eb72
2023/03/CAN-PL-07-00-Archivo-2D-Rev.0.zip	media/production/documents/uploads/2023/03/CAN-PL-07-00-Archivo-2D-Rev.0.zip	application/zip	60987	298c12a3e65770995d74c10aaa9c03c068cce50e01afeb1f0c646cf8789e302e
2023/03/CAN-PL-07-00-Ficha-Tecnica-Rev.0.pdf	media/production/documents/uploads/2023/03/CAN-PL-07-00-Ficha-Tecnica-Rev.0.pdf	application/pdf	695156	aeb9f79bdee66ad2178dcb4269bc6ff9c21dcbf99c5a3dce7e574968563ad7d1
2023/03/CAN-PL-08-00-Archivo-2D-Rev.0.zip	media/production/documents/uploads/2023/03/CAN-PL-08-00-Archivo-2D-Rev.0.zip	application/zip	77787	b5b7ced6300559f7f57c5d3298825e671e795bf57f3db03c8582ae8e07bc8540
2023/03/CAN-PL-08-00-Ficha-Tecnica-Rev.0.pdf	media/production/documents/uploads/2023/03/CAN-PL-08-00-Ficha-Tecnica-Rev.0.pdf	application/pdf	725571	ad1f92706313dc4e95bc3ef674b7cd063fa9aca0aaa4361385954c03f6d3c289
2023/03/CAN-PL-09-00-Archivo-2D-Rev.0.zip	media/production/documents/uploads/2023/03/CAN-PL-09-00-Archivo-2D-Rev.0.zip	application/zip	58254	d122ffc42860b7e7c29f4b85d3f2a81f178697e05731bf9a3d3fa47516c159af
2023/03/CAN-PL-09-00-Ficha-Tecnica-Rev.0.pdf	media/production/documents/uploads/2023/03/CAN-PL-09-00-Ficha-Tecnica-Rev.0.pdf	application/pdf	807292	f0837f8adf0530cb4501daa11ad3397f473e51f3ac590734d72a470951d0c3a1
2023/03/CAN-PL-10-00-Archivo-2D-Rev.0.zip	media/production/documents/uploads/2023/03/CAN-PL-10-00-Archivo-2D-Rev.0.zip	application/zip	44177	e69ab6e394e56a2b7f744288fdc9cae800a086767057f075a0e2cd1484824fa3
2023/03/CAN-PL-10-00-Ficha-Tecnica-Rev.0.pdf	media/production/documents/uploads/2023/03/CAN-PL-10-00-Ficha-Tecnica-Rev.0.pdf	application/pdf	761418	7704c689c2c2bac42c41679884e540ec73aea32865c02bce61a8210dff738cd1
2023/03/CAN-PL-11-00-Archivo-2D-Rev.0.zip	media/production/documents/uploads/2023/03/CAN-PL-11-00-Archivo-2D-Rev.0.zip	application/zip	60823	154bd2f9306e5c66313fab709b04554f52191e38067f70df28f3abbc26f5a74a
2023/03/CAN-PL-11-00-Ficha-Tecnica-Rev.0.pdf	media/production/documents/uploads/2023/03/CAN-PL-11-00-Ficha-Tecnica-Rev.0.pdf	application/pdf	834120	028dd9310491e4f6ab6d4670f97542aa245d38ddaee8067454ab596f82f961c2
2023/03/CAN-PL-12-00-Archivo-2D-Rev.0.zip	media/production/documents/uploads/2023/03/CAN-PL-12-00-Archivo-2D-Rev.0.zip	application/zip	82504	e195c9a7f9cd2055b49c8a3fb99d3888269fbb7985c30db5a9feebfe5f86594b
2023/03/CAN-PL-12-00-Ficha-Tecnica-Rev.0.pdf	media/production/documents/uploads/2023/03/CAN-PL-12-00-Ficha-Tecnica-Rev.0.pdf	application/pdf	782780	78fcd97f88715f6d494c3d66f7683bca20bd957d7c490f9d61e9d76587ebbfe4
2023/03/CAN-PP-01-00-Archivo-2D-Rev.0.zip	media/production/documents/uploads/2023/03/CAN-PP-01-00-Archivo-2D-Rev.0.zip	application/zip	210900	2cf12851fd71948cf5f7c10b1f98347327198be3aab71a8c1da5c7fba9e491ae
2023/03/CAN-PP-01-00-Ficha-Tecnica-Rev.0.pdf	media/production/documents/uploads/2023/03/CAN-PP-01-00-Ficha-Tecnica-Rev.0.pdf	application/pdf	809262	a4f0c6fd9cf78a2c0da182557e658be86017dd200d82053cd8bcb03de0f94e2f
2023/03/CAN-PP-02-00-Archivo-2D-Rev.0.zip	media/production/documents/uploads/2023/03/CAN-PP-02-00-Archivo-2D-Rev.0.zip	application/zip	38471	6d29bc84a2124b72253f4d32df5b1b7d2fff73f677269f447249335b3fd9b3ff
2023/03/CAN-PP-02-00-Ficha-Tecnica-Rev.0.pdf	media/production/documents/uploads/2023/03/CAN-PP-02-00-Ficha-Tecnica-Rev.0.pdf	application/pdf	692666	b966b17987f20c0bceca33ad2c89401337b9ed0289e42193105653d6c39ea499
2023/03/CIR-00-04-00-Archivo-2D-Rev.0.zip	media/production/documents/uploads/2023/03/CIR-00-04-00-Archivo-2D-Rev.0.zip	application/zip	344467	52d36cb1045747dac0f517ed931d0faedb455cfb883bc71601e3285bacdbfb7e
2023/03/CIR-00-04-00-Ficha-Tecnica-Rev.0.pdf	media/production/documents/uploads/2023/03/CIR-00-04-00-Ficha-Tecnica-Rev.0.pdf	application/pdf	852181	68940d250747c4e1e74fecd288755ac39fbaff74f3b6294e75c5e4c4a5d751c9
2023/03/CIR-00-06-00-Archivo-2D-Rev.0.zip	media/production/documents/uploads/2023/03/CIR-00-06-00-Archivo-2D-Rev.0.zip	application/zip	47441	7564aaf5de76289e077bb27ba6e0879ab907d4f79c50a2673e34e1898c55ea93
2023/03/CIR-00-06-00-Ficha-Tecnica-Rev.0.pdf	media/production/documents/uploads/2023/03/CIR-00-06-00-Ficha-Tecnica-Rev.0.pdf	application/pdf	806234	e59867ab6a7acd89d3ddf8fb1bf8ef898885fd76e4527adc9f5889babb134e3f
2023/03/CIR-00-07-00-Archivo-2D-Rev.0.zip	media/production/documents/uploads/2023/03/CIR-00-07-00-Archivo-2D-Rev.0.zip	application/zip	41041	4b3f9ec1f6bee6c7e1fec65355153fe9aeb6f9f21c90abd5708688cf1db54158
2023/03/CIR-00-07-00-Ficha-Tecnica-Rev.0.pdf	media/production/documents/uploads/2023/03/CIR-00-07-00-Ficha-Tecnica-Rev.0.pdf	application/pdf	718897	d905e7252f8c1e18853f167677219cab8f88258beb8d3787e43e1d13f437543f
2023/03/CIR-00-08-00-Archivo-2D-Rev.0.zip	media/production/documents/uploads/2023/03/CIR-00-08-00-Archivo-2D-Rev.0.zip	application/zip	72001	7516184519febca94d69718ad326360d4aca26f3a3f891c3c0d0974044287104
2023/03/CIR-00-08-00-Ficha-Tecnica-Rev.0.pdf	media/production/documents/uploads/2023/03/CIR-00-08-00-Ficha-Tecnica-Rev.0.pdf	application/pdf	728793	9e5d8b157177b715bd55223e26c0782e7c178a42d0dcedcec9b9c913c4600293
2023/03/CIR-00-09-00-Ficha-Tecnica-Rev.0.pdf	media/production/documents/uploads/2023/03/CIR-00-09-00-Ficha-Tecnica-Rev.0.pdf	application/pdf	724499	11ba9a0d24f72af618458ad400a9875f9da78f968da4050c333128afc9b11922
2023/03/CIR-00-09-00Archivo-2D-Rev.0.zip	media/production/documents/uploads/2023/03/CIR-00-09-00Archivo-2D-Rev.0.zip	application/zip	268478	fded64e5934fe42f8fa2283f149e69ea0ca1cff6be5f24d9b175ad0de62347a9
2023/03/CIR-00-10-00-Archivo-2D-Rev.0.zip	media/production/documents/uploads/2023/03/CIR-00-10-00-Archivo-2D-Rev.0.zip	application/zip	268245	845f72e4432df657dfbe965bb0a49f3adbaec87354e340c91d5cf946ab6597d6
2023/03/CIR-00-10-00-Ficha-Tecnica-Rev.0.pdf	media/production/documents/uploads/2023/03/CIR-00-10-00-Ficha-Tecnica-Rev.0.pdf	application/pdf	769862	a04534412b93fdb8dbda50457e8a8a0c65bd04c0005a2aadd4eac340cdefad23
2023/03/CIR-00-11-00-Archivo-2D-Rev.0.zip	media/production/documents/uploads/2023/03/CIR-00-11-00-Archivo-2D-Rev.0.zip	application/zip	426609	af9c30acd5d13775c23625ac8036c5b83f46319f8890f6e3cc289fcd193b6ab2
2023/03/CIR-00-11-00-Ficha-Tecnica-Rev.0.pdf	media/production/documents/uploads/2023/03/CIR-00-11-00-Ficha-Tecnica-Rev.0.pdf	application/pdf	743466	ad083ecfce42d02b237b6fbfc5754d7a638d02a086ffbbb506719df7d74131b6
2023/03/DEP-00-06-00-Archivo-2D-Rev.0.zip	media/production/documents/uploads/2023/03/DEP-00-06-00-Archivo-2D-Rev.0.zip	application/zip	58437	6fe7bb2392c9b04bce47be81fa67fd2eab067b8d8e6ca88a8a1cd2e46b4d244f
2023/03/DEP-00-06-00-Ficha-Tecnica-Rev.0.pdf	media/production/documents/uploads/2023/03/DEP-00-06-00-Ficha-Tecnica-Rev.0.pdf	application/pdf	827039	22360e89900e8da953a99f6d9aa1ae388da22ce7af4ea3a792f45e88f7dad1bb
2023/03/DEP-00-07-00-Archivo-2D-Rev.0.zip	media/production/documents/uploads/2023/03/DEP-00-07-00-Archivo-2D-Rev.0.zip	application/zip	288717	8d75ad133ae1e0404bb3fc35f2363a15193e1ab9b6064a1d8fbe84ee06617410
2023/03/DEP-00-07-00-Ficha-Tecnica-Rev.0.pdf	media/production/documents/uploads/2023/03/DEP-00-07-00-Ficha-Tecnica-Rev.0.pdf	application/pdf	705605	2a8ebba71994b7aa68fb40e9d03f9e66385221011e9b1f92b9a0b58618636e56
2023/03/DEP-00-09-00-Archivo-2D-Rev.0.zip	media/production/documents/uploads/2023/03/DEP-00-09-00-Archivo-2D-Rev.0.zip	application/zip	125325	c3c897067ac9c80261ff59af863b80ec10116b00519934e83ecaee7c785fe763
2023/03/DEP-00-09-00-Ficha-Tecnica-Rev.0.pdf	media/production/documents/uploads/2023/03/DEP-00-09-00-Ficha-Tecnica-Rev.0.pdf	application/pdf	1096064	68dcc518d8425386d08cb9d15b778a49357a49c215f16879b5312e9840846dac
2023/03/DEP-00-10-00-Archivo-2D-Rev.0.zip	media/production/documents/uploads/2023/03/DEP-00-10-00-Archivo-2D-Rev.0.zip	application/zip	209089	d07d14f407f2709ec38e00be2e76f52a0b9f0074d384eab16ba74815a3925c67
2023/03/DEP-00-10-00-Ficha-Tecnica-Rev.0.pdf	media/production/documents/uploads/2023/03/DEP-00-10-00-Ficha-Tecnica-Rev.0.pdf	application/pdf	1048854	0f3d6cf5dd63b0373273709f2984be7661deb2fec9f59c8c6f45f8699e9a0316
2023/03/DEP-00-11-00-Archivo-2D-Rev.0.zip	media/production/documents/uploads/2023/03/DEP-00-11-00-Archivo-2D-Rev.0.zip	application/zip	36955	462722bc92d4e7de686dfab78b564d301eef6c2c0c57e4512f4b33ad103652c1
2023/03/DEP-00-11-00-Ficha-Tecnica-Rev.0.pdf	media/production/documents/uploads/2023/03/DEP-00-11-00-Ficha-Tecnica-Rev.0.pdf	application/pdf	884592	df3c444de7ebb0b918f818d6b67847c067e4aaa269e208947d66be3be85cb6b8
2023/03/DEP-00-12-00-Archivo-2D-Rev.0.zip	media/production/documents/uploads/2023/03/DEP-00-12-00-Archivo-2D-Rev.0.zip	application/zip	61402	c6861727412033d42352121b182c0998821032c7a51a863a1330053e46607f79
2023/03/DEP-00-12-00-Ficha-Tecnica-Rev.0.pdf	media/production/documents/uploads/2023/03/DEP-00-12-00-Ficha-Tecnica-Rev.0.pdf	application/pdf	1212928	d8e99c75287ae2f3e689a9ced6b63a2cc6bdcb39fddea26d48c8f1a5c2e71765
2023/03/DEP-MO-01-00-Archivo-2D-Rev.0.zip	media/production/documents/uploads/2023/03/DEP-MO-01-00-Archivo-2D-Rev.0.zip	application/zip	212101	88345c207568f633aed86d19980264994c10a10e09f46a164c900c1ae471c06e
2023/03/DEP-MO-01-00-Ficha-Tecnica-Rev.0.pdf	media/production/documents/uploads/2023/03/DEP-MO-01-00-Ficha-Tecnica-Rev.0.pdf	application/pdf	910795	23af827833631e29d21107114742069a232df79de9422d8edc2bc4b1cd4ff86e
2023/03/DEP-MO-02-00-Archivo-2D-Rev.0.zip	media/production/documents/uploads/2023/03/DEP-MO-02-00-Archivo-2D-Rev.0.zip	application/zip	137479	ee6217d032428369daa193b099e12559de27039970569947b37184400f20fafa
2023/03/DEP-MO-02-00-Ficha-Tecnica-Rev.0.pdf	media/production/documents/uploads/2023/03/DEP-MO-02-00-Ficha-Tecnica-Rev.0.pdf	application/pdf	927529	102321991c9c20bee852d67ce0513427a9a887244e452c57f4ee6bc872993162
2023/03/DEP-MO-03-00-Archivo-2D-Rev.0.zip	media/production/documents/uploads/2023/03/DEP-MO-03-00-Archivo-2D-Rev.0.zip	application/zip	142274	0b24c34dc631787c45586daf5e7e09f06559f357869685247e9ef59fdaa3adbe
2023/03/DEP-MO-03-00-Ficha-Tecnica-Rev.0.pdf	media/production/documents/uploads/2023/03/DEP-MO-03-00-Ficha-Tecnica-Rev.0.pdf	application/pdf	1192555	578f60631ad814a3f1e1887c5971d888f496050d72e55dbbc6795ee0240139a8
2023/03/DEP-MO-04-00-Archivo-2D-Rev.0.zip	media/production/documents/uploads/2023/03/DEP-MO-04-00-Archivo-2D-Rev.0.zip	application/zip	287618	201ec2de1391018b4d16255d5830ef532e3a46af6927fd1ecf21f9a683f803d3
2023/03/DEP-MO-04-00-Ficha-Tecnica-Rev.0.pdf	media/production/documents/uploads/2023/03/DEP-MO-04-00-Ficha-Tecnica-Rev.0.pdf	application/pdf	1031375	6a3e11e3c71621df7bbb851f9b5868ed65bc4ae3911f07bcd3cbe06755aa66e6
2023/03/EJE-IN-02-00-Archivo-2D-Rev.0.zip	media/production/documents/uploads/2023/03/EJE-IN-02-00-Archivo-2D-Rev.0.zip	application/zip	77944	06afb905989c631cb4265771cbb3a3edbc34002e9fd5a8ebee6c376f3d17f420
2023/03/EJE-IN-02-00-Ficha-Tecnica-Rev.0.pdf	media/production/documents/uploads/2023/03/EJE-IN-02-00-Ficha-Tecnica-Rev.0.pdf	application/pdf	946793	9b82989bbdbcd5e12bd757ec62e8db716c3f52d78de9a5f97e66d471eec1dc4c
2023/03/EJE-IN-04-00-Archivo-2D-Rev.0.zip	media/production/documents/uploads/2023/03/EJE-IN-04-00-Archivo-2D-Rev.0.zip	application/zip	1013273	97bc86d0a66f5a039cf397ac36fcb592db79848ef276a3e3fa81e0192de96a4e
2023/03/EJE-IN-04-00-Ficha-Tecnica-Rev.0.pdf	media/production/documents/uploads/2023/03/EJE-IN-04-00-Ficha-Tecnica-Rev.0.pdf	application/pdf	693930	5b8d6d1026fbcbc383d529e9d495c8461baac7fb2b5c6c74863e931b5ba7515c
2023/03/EJE-IN-07-00-Archivo-2D-Rev.0.zip	media/production/documents/uploads/2023/03/EJE-IN-07-00-Archivo-2D-Rev.0.zip	application/zip	120338	b3823c01c788ff7b395d68d6c733d44631dff22d017e958ba46adf65194050e9
2023/03/EJE-IN-07-00-Ficha-Tecnica-Rev.0.pdf	media/production/documents/uploads/2023/03/EJE-IN-07-00-Ficha-Tecnica-Rev.0.pdf	application/pdf	799289	ab6c94767440f835bb786f4b0ee3e330e72f2d1df56d08fa689931fe7b1eb42f
2023/03/EJE-IN-08-00-Archivo-2D-Rev.0.zip	media/production/documents/uploads/2023/03/EJE-IN-08-00-Archivo-2D-Rev.0.zip	application/zip	224912	6365b4ed8b7088c490dfb98b583e73bc57c60077de439ed5c8364a016127c16c
2023/03/EJE-IN-08-00-Ficha-Tecnica-Rev.0.pdf	media/production/documents/uploads/2023/03/EJE-IN-08-00-Ficha-Tecnica-Rev.0.pdf	application/pdf	712639	6d051ae2acdc5e7d36a46defa9b110a150155591ed004aef860b055b2aabc6c5
2023/03/REH-00-07-00-Archivo-2D-Rev.0.zip	media/production/documents/uploads/2023/03/REH-00-07-00-Archivo-2D-Rev.0.zip	application/zip	172782	5bb9248f7e098258d75ff17fdc6e48bdb9e004d832449a55b7d603cc2affd2f3
2023/03/REH-00-07-00-Ficha-Tecnica-Rev.0.pdf	media/production/documents/uploads/2023/03/REH-00-07-00-Ficha-Tecnica-Rev.0.pdf	application/pdf	823843	da671874af056504b3f5129fe359af2932b03c8bb8f12cf368b6df4bb0cd447b
2023/03/REH-00-08-00-Archivo-2D-Rev.0.zip	media/production/documents/uploads/2023/03/REH-00-08-00-Archivo-2D-Rev.0.zip	application/zip	223002	dac1afff4a920b4e5ee7898b89a59c70800987ee41faabc33cdec2938e213276
2023/03/REH-00-08-00-Ficha-Tecnica-Rev.0.pdf	media/production/documents/uploads/2023/03/REH-00-08-00-Ficha-Tecnica-Rev.0.pdf	application/pdf	813797	5e7f4611decf5172af648843031b95fb31f32cd97c576dc3310a36f1ac724a65
2023/05/EJE-EM-01-00-Ficha-Tecnica-Rev.0.pdf	media/production/documents/uploads/2023/05/EJE-EM-01-00-Ficha-Tecnica-Rev.0.pdf	application/pdf	738072	acd5c045f22af959325119a21f6ebd57cd41ba04b7987d06121a05cc1f3ed004
2023/05/EJE-EM-02-00-Ficha-Tecnica-Rev.0.pdf	media/production/documents/uploads/2023/05/EJE-EM-02-00-Ficha-Tecnica-Rev.0.pdf	application/pdf	771384	17e7546aea7775bca83f6832f594bc27609f372c4aafb5cd711301a5ce804538
2023/05/EJE-EM-03-00-Ficha-Tecnica-Rev.0.pdf	media/production/documents/uploads/2023/05/EJE-EM-03-00-Ficha-Tecnica-Rev.0.pdf	application/pdf	795526	94616553467c196f2b831b636212101e80cebdbecfc5a58dbbe52cfe7439eef3
2023/05/EJE-EM-04-00-Ficha-Tecnica-Rev.0-1.pdf	media/production/documents/uploads/2023/05/EJE-EM-04-00-Ficha-Tecnica-Rev.0-1.pdf	application/pdf	790212	52894e89527177eef096c0e10de50f65707feeeecdfebf7625e03a07a31e1bd2
2023/05/EJE-EM-05-00-Ficha-Tecnica-Rev.0.pdf	media/production/documents/uploads/2023/05/EJE-EM-05-00-Ficha-Tecnica-Rev.0.pdf	application/pdf	714820	596d52e1917d5f006dd02e67743fde8f541ea950e5f2ac2610063250687dd9e8
2023/05/EJE-EM-06-00-Ficha-Tecnica-Rev.0-1.pdf	media/production/documents/uploads/2023/05/EJE-EM-06-00-Ficha-Tecnica-Rev.0-1.pdf	application/pdf	692731	f9343c4ca93b9830958c2cefedd85c610b260fef0087bb90cae48377273ff3a2
2023/05/EJE-EM-07-00-Ficha-Tecnica-Rev.0-1.pdf	media/production/documents/uploads/2023/05/EJE-EM-07-00-Ficha-Tecnica-Rev.0-1.pdf	application/pdf	714305	3b8da5f945a0263f401f7cb1e515e8417c7f3f64d192eebbf312490bc6ead208
2023/05/EJE-EM-08-00-Ficha-Tecnica-Rev.0.pdf	media/production/documents/uploads/2023/05/EJE-EM-08-00-Ficha-Tecnica-Rev.0.pdf	application/pdf	667080	e584cf9d2717f6176e34a21590cd6900b6707b8c83d7848bd18c6a057a59b809
2023/05/EJE-EM-09-00-Ficha-Tecnica-Rev.0-1.pdf	media/production/documents/uploads/2023/05/EJE-EM-09-00-Ficha-Tecnica-Rev.0-1.pdf	application/pdf	704475	bcca363f9e81d45439e92080d4e770a4f33b50ee64c6a462def6046f23893830
2023/05/EJE-EM-10-00-Ficha-Tecnica-Rev.0-1.pdf	media/production/documents/uploads/2023/05/EJE-EM-10-00-Ficha-Tecnica-Rev.0-1.pdf	application/pdf	711899	5c93c536a8bc8714439abfb2480117dd52be4ff87cc991009695cb2b574c3727
2023/06/CIR-00-02-00-CONJUNTO-CALISTENIA-Ficha-Tecnica-REV.0.pdf	media/production/documents/uploads/2023/06/CIR-00-02-00-CONJUNTO-CALISTENIA-Ficha-Tecnica-REV.0.pdf	application/pdf	769337	d6526aca541d3a60fd5274517a78b574440eaf35b4ddb2a8d8d3c847215afcec
2023/06/EOS-00-04-00-MODULO-IGGY-Ficha-Tecnica-Rev.0.pdf	media/production/documents/uploads/2023/06/EOS-00-04-00-MODULO-IGGY-Ficha-Tecnica-Rev.0.pdf	application/pdf	1119573	4d136d23797f61df69525a22508aae23e641be236ee6800374bddc267b4ea291
2023/06/EOS-PR-06-00-Modulo-Gordon-Archivo-2D-Rev.0.zip	media/production/documents/uploads/2023/06/EOS-PR-06-00-Modulo-Gordon-Archivo-2D-Rev.0.zip	application/zip	575168	b2d351b2bb9303d9626ac3989d8e03c3d72da8b21e7c516d88becb2ad4420431
2023/06/EOS-PR-06-00-Modulo-Gordon-Ficha-Tecnica-Rev.0.pdf	media/production/documents/uploads/2023/06/EOS-PR-06-00-Modulo-Gordon-Ficha-Tecnica-Rev.0.pdf	application/pdf	1089577	927665768480529fffa21db65e09dc401ebf08baef07b0f3d76eaba3012186c7
2023/06/IRE-PL-04-00-MONTABLE-CABALLITO-Archivo-2D-REV-0-.zip	media/production/documents/uploads/2023/06/IRE-PL-04-00-MONTABLE-CABALLITO-Archivo-2D-REV-0-.zip	application/zip	52213	6cbdf4f5a11944e2efcd4fafa71ca6aac4df89e4b7e54e8c2b89986b81238d71
2023/06/IRE-PL-04-00-MONTABLE-CABALLITO-ficha-Tecnica-REV-0-.pdf	media/production/documents/uploads/2023/06/IRE-PL-04-00-MONTABLE-CABALLITO-ficha-Tecnica-REV-0-.pdf	application/pdf	765459	7697a27ce8105d70ce1bf2ca4f13c423d5b015497f6f3cd4878dc61af539abae
2023/06/SUB-00-01-01-SUBE-Y-BAJA-DOBLE-Archivo-2D-Rev.0.zip	media/production/documents/uploads/2023/06/SUB-00-01-01-SUBE-Y-BAJA-DOBLE-Archivo-2D-Rev.0.zip	application/zip	66961	7df67e6744206d78c9b344c34739fa73c78a8d4e8100839727eee2574e11d2ba
2023/06/SUB-00-01-01-SUBE-Y-BAJA-DOBLE-Ficha-Tecnica-REV-0.pdf	media/production/documents/uploads/2023/06/SUB-00-01-01-SUBE-Y-BAJA-DOBLE-Ficha-Tecnica-REV-0.pdf	application/pdf	721879	33a231705775b25303d7d53305d45358ca5573ba11c18583b9e50a9b4d8f3413
2023/06/TEM-PL-09-00-MODULO-ROBOTO-Ficha-Tecnica-Rev.0.pdf	media/production/documents/uploads/2023/06/TEM-PL-09-00-MODULO-ROBOTO-Ficha-Tecnica-Rev.0.pdf	application/pdf	909993	b3b30aff31c0078b794f22f94140d2bae6eb2f3b7eb26887edc26be946ab8d8b
2023/06/TRE-TM-02-00-Trepadero-Dinosaurio-Ficha-Tecnica-Rev.0.pdf	media/production/documents/uploads/2023/06/TRE-TM-02-00-Trepadero-Dinosaurio-Ficha-Tecnica-Rev.0.pdf	application/pdf	779547	d384de5fcf4bb6268a2e842becf46287adbd1de2b26578714b91c2bc1a5c2e62
2023/06/TRE-TM-03-00-Trepadero-Ballena-Ficha-Tecnica-Rev.0.pdf	media/production/documents/uploads/2023/06/TRE-TM-03-00-Trepadero-Ballena-Ficha-Tecnica-Rev.0.pdf	application/pdf	873773	90650651e80e52eafbcb9b8ba3c6ee4cf3e72fa484076cdde82ebb99978c6b92
2026/04/MEC-CR-02-00-dibujo2d.pdf	media/production/documents/uploads/2026/04/MEC-CR-02-00-dibujo2d.pdf	application/pdf	354613	cdb4794953753183226f8deab9bd6c713a78d55e2a44e48aab14ce85a3448fdd
2026/04/MEC-CR-02-00-fichatecnica.pdf	media/production/documents/uploads/2026/04/MEC-CR-02-00-fichatecnica.pdf	application/pdf	509395	8d3a6c576d1c66d4c554c2fbad4c6dd07e0571cfbdeaed7d720bc5bdfc00d82e
2026/04/MEC-CR-06-00-dibujo2d.pdf	media/production/documents/uploads/2026/04/MEC-CR-06-00-dibujo2d.pdf	application/pdf	230821	a68cec21dea3ac70064c451937846962509b5112c82ed760ef34db796055acb3
2026/04/MEC-CR-06-00-fichatecnica.pdf	media/production/documents/uploads/2026/04/MEC-CR-06-00-fichatecnica.pdf	application/pdf	394997	f322d4fbdfd1e8bbdbb48a05321d33d6c016fb687e1057b069cb32f01dca035a
2026/04/MEC-CR-07-00-dibujo2d.pdf	media/production/documents/uploads/2026/04/MEC-CR-07-00-dibujo2d.pdf	application/pdf	563922	198fba342e0fb9ed5c7e6c84460f99322bb42d5d0ecae1e32addbb4858e78dfe
2026/04/MEC-CR-07-00-fichatecnica.pdf	media/production/documents/uploads/2026/04/MEC-CR-07-00-fichatecnica.pdf	application/pdf	568089	144c76110f1781b445fa22b41dc0c5ac1f9cdc10a832b4a1695fffecf37d8b6b
2026/04/MEC-CR-08-00-dibujo2d.pdf	media/production/documents/uploads/2026/04/MEC-CR-08-00-dibujo2d.pdf	application/pdf	244344	08be3217f34e23a5f2bb0a0292cc7fd420df219e02152b54b7062161fe10978a
2026/04/MEC-CR-08-00-fichatecnica.pdf	media/production/documents/uploads/2026/04/MEC-CR-08-00-fichatecnica.pdf	application/pdf	410605	28f02431cf08c6e772416358743e044addc494be30212398a0d4fbfd8163e00f
2026/04/MER-PR-01-00-dibujo2d.pdf	media/production/documents/uploads/2026/04/MER-PR-01-00-dibujo2d.pdf	application/pdf	403668	3ebb9011fde836c314830f5a6f7e24ebb439aed4ae902aa31cdfaf27bdc0d7b1
2026/04/MER-PR-01-00-fichatecnica.pdf	media/production/documents/uploads/2026/04/MER-PR-01-00-fichatecnica.pdf	application/pdf	476620	615589b7282438b749ca34a3c8ee809d4f1736ed80179cb9181a4328fafac54b
2026/04/MER-PR-03-00-dibujo2d.pdf	media/production/documents/uploads/2026/04/MER-PR-03-00-dibujo2d.pdf	application/pdf	313885	77ffd9da76be7278d2af052b7941e239e5e9efe0c133f9a480d745c4cac28682
2026/04/MER-PR-03-00-fichatecnica.pdf	media/production/documents/uploads/2026/04/MER-PR-03-00-fichatecnica.pdf	application/pdf	419568	a0e827df6e6a114a5520f45c1121883911e2d02156f91f0f8d34fc5c55d52db0
2026/04/MER-PR-04-00-dibujo2d.pdf	media/production/documents/uploads/2026/04/MER-PR-04-00-dibujo2d.pdf	application/pdf	347100	c0c0977d1290859f274a0f781a2b4455a19473ab92d733902bf923e5290b44cb
2026/04/MER-PR-04-00-fichatecnica.pdf	media/production/documents/uploads/2026/04/MER-PR-04-00-fichatecnica.pdf	application/pdf	498508	4179b7dcb0884aa07aa379ae619223399f2f3712a7ec3c20fd528a6b9201d334
2026/04/MER-PR-05-00-dibujo2d.pdf	media/production/documents/uploads/2026/04/MER-PR-05-00-dibujo2d.pdf	application/pdf	350460	1a17a684eaeec9640645e7dabd0d7f088be78052344576fb435ce66c0e17d40d
2026/04/MER-PR-05-00-fichatecnicapdf.pdf	media/production/documents/uploads/2026/04/MER-PR-05-00-fichatecnicapdf.pdf	application/pdf	466804	8740b8370a454212dfec8fa4479b09eb55f77a0ac8962672c49f85de4f36ab3b
2026/04/MER-PR-08-00-dibujo2d.pdf	media/production/documents/uploads/2026/04/MER-PR-08-00-dibujo2d.pdf	application/pdf	339007	b46a24a64561ff7050d32fe41894c18a83d0ae1842c1db74ec6e4153c30b092e
2026/04/MER-PR-08-00-fichatecnica.pdf	media/production/documents/uploads/2026/04/MER-PR-08-00-fichatecnica.pdf	application/pdf	462408	13969f4f04d4e22db9f59678ca623b0dfd93a23964c9ded2194d98ad18e4f1ea
2026/04/MEV-CR-01-00-dibujo2d.pdf	media/production/documents/uploads/2026/04/MEV-CR-01-00-dibujo2d.pdf	application/pdf	238882	4deece5dde52876e415ab58e0dc47661dc074b824deb7028256ae5592ed20ac2
2026/04/MEV-CR-01-00-fichatecnica.pdf	media/production/documents/uploads/2026/04/MEV-CR-01-00-fichatecnica.pdf	application/pdf	383557	a713b03f0d0742075375c0a38d23d0ea5ce942325ab3920248f289006cc19e94
2026/04/MEV-CR-02-00-dibujo2d.pdf	media/production/documents/uploads/2026/04/MEV-CR-02-00-dibujo2d.pdf	application/pdf	334517	ff350d334a30e0ac7e8906ae41e8265bea92ca6d46c29fb501cd51ce1aa76a39
2026/04/MEV-CR-02-00-fichatecnica.pdf	media/production/documents/uploads/2026/04/MEV-CR-02-00-fichatecnica.pdf	application/pdf	425572	73ef63aa5a53cabd71ca4d8b7edce437b42d2ae2d15174f4fdde1189e7c7ebb8
